-- phpMyAdmin SQL Dump
-- version 4.9.5
-- https://www.phpmyadmin.net/
--
-- Host: localhost:3306
-- Generation Time: Feb 03, 2021 at 02:03 PM
-- Server version: 5.7.24
-- PHP Version: 7.4.1

SET SQL_MODE = "NO_AUTO_VALUE_ON_ZERO";
SET AUTOCOMMIT = 0;
START TRANSACTION;
SET time_zone = "+00:00";


/*!40101 SET @OLD_CHARACTER_SET_CLIENT=@@CHARACTER_SET_CLIENT */;
/*!40101 SET @OLD_CHARACTER_SET_RESULTS=@@CHARACTER_SET_RESULTS */;
/*!40101 SET @OLD_COLLATION_CONNECTION=@@COLLATION_CONNECTION */;
/*!40101 SET NAMES utf8mb4 */;

--
-- Database: `ecomapi`
--

-- --------------------------------------------------------

--
-- Table structure for table `failed_jobs`
--

CREATE TABLE `failed_jobs` (
  `id` bigint(20) UNSIGNED NOT NULL,
  `uuid` varchar(255) COLLATE utf8mb4_unicode_ci NOT NULL,
  `connection` text COLLATE utf8mb4_unicode_ci NOT NULL,
  `queue` text COLLATE utf8mb4_unicode_ci NOT NULL,
  `payload` longtext COLLATE utf8mb4_unicode_ci NOT NULL,
  `exception` longtext COLLATE utf8mb4_unicode_ci NOT NULL,
  `failed_at` timestamp NOT NULL DEFAULT CURRENT_TIMESTAMP
) ENGINE=InnoDB DEFAULT CHARSET=utf8mb4 COLLATE=utf8mb4_unicode_ci;

-- --------------------------------------------------------

--
-- Table structure for table `migrations`
--

CREATE TABLE `migrations` (
  `id` int(10) UNSIGNED NOT NULL,
  `migration` varchar(255) COLLATE utf8mb4_unicode_ci NOT NULL,
  `batch` int(11) NOT NULL
) ENGINE=InnoDB DEFAULT CHARSET=utf8mb4 COLLATE=utf8mb4_unicode_ci;

--
-- Dumping data for table `migrations`
--

INSERT INTO `migrations` (`id`, `migration`, `batch`) VALUES
(1, '2014_10_12_000000_create_users_table', 1),
(2, '2014_10_12_100000_create_password_resets_table', 1),
(3, '2019_08_19_000000_create_failed_jobs_table', 1),
(4, '2021_02_03_094709_create_products_table', 1),
(5, '2021_02_03_094807_create_reviews_table', 1);

-- --------------------------------------------------------

--
-- Table structure for table `password_resets`
--

CREATE TABLE `password_resets` (
  `email` varchar(255) COLLATE utf8mb4_unicode_ci NOT NULL,
  `token` varchar(255) COLLATE utf8mb4_unicode_ci NOT NULL,
  `created_at` timestamp NULL DEFAULT NULL
) ENGINE=InnoDB DEFAULT CHARSET=utf8mb4 COLLATE=utf8mb4_unicode_ci;

-- --------------------------------------------------------

--
-- Table structure for table `products`
--

CREATE TABLE `products` (
  `id` int(10) UNSIGNED NOT NULL,
  `name` varchar(255) COLLATE utf8mb4_unicode_ci NOT NULL,
  `detail` text COLLATE utf8mb4_unicode_ci NOT NULL,
  `price` int(11) NOT NULL,
  `stock` int(11) NOT NULL,
  `discount` int(11) NOT NULL,
  `created_at` timestamp NULL DEFAULT NULL,
  `updated_at` timestamp NULL DEFAULT NULL
) ENGINE=InnoDB DEFAULT CHARSET=utf8mb4 COLLATE=utf8mb4_unicode_ci;

--
-- Dumping data for table `products`
--

INSERT INTO `products` (`id`, `name`, `detail`, `price`, `stock`, `discount`, `created_at`, `updated_at`) VALUES
(1, 'voluptate', 'Incidunt sequi quia consequatur et et. Saepe est enim unde ut aperiam omnis atque qui. Dolores aspernatur deleniti quis reiciendis vero ut. Similique beatae esse et autem saepe consectetur.', 215, 0, 18, '2021-02-03 12:53:38', '2021-02-03 12:53:38'),
(2, 'voluptate', 'Non cupiditate eveniet voluptatem reiciendis maiores. Omnis sit voluptas pariatur et. Voluptas eum neque labore ut blanditiis.', 527, 4, 8, '2021-02-03 12:53:38', '2021-02-03 12:53:38'),
(3, 'ducimus', 'Est quia rem illum culpa quia vero est. Et et culpa itaque placeat qui ex eos. Voluptatem dolorum omnis in eum est dicta quo laboriosam.', 886, 2, 3, '2021-02-03 12:53:38', '2021-02-03 12:53:38'),
(4, 'dignissimos', 'Voluptatibus ut tempora facilis et quasi inventore. Ipsa error non officiis dicta. Libero et laborum eos modi iste id ut. Maxime corporis molestiae quia porro nulla ex nesciunt.', 443, 8, 17, '2021-02-03 12:53:38', '2021-02-03 12:53:38'),
(5, 'commodi', 'Minus inventore saepe et totam sit. Quas nemo est sint qui. Sint expedita atque corrupti eos quia laborum voluptatem. Sequi est sed explicabo consequatur.', 883, 9, 8, '2021-02-03 12:53:38', '2021-02-03 12:53:38'),
(6, 'mollitia', 'Quis nostrum adipisci voluptas voluptatem. Quod aut aut vero rerum quis et et. Sed iure ut enim laudantium. Quia libero saepe ea. Eum quod neque earum accusantium laboriosam.', 638, 4, 29, '2021-02-03 12:53:38', '2021-02-03 12:53:38'),
(7, 'est', 'Nisi temporibus consequatur iste voluptas molestiae cumque. Sunt deleniti dolor similique fugiat rerum enim at. Voluptate commodi facere voluptatibus sed minus. Sed velit minima magni omnis eum.', 299, 5, 18, '2021-02-03 12:53:39', '2021-02-03 12:53:39'),
(8, 'et', 'Ipsum quasi expedita et omnis non nostrum laborum. Enim similique distinctio enim quasi.', 547, 6, 2, '2021-02-03 12:53:39', '2021-02-03 12:53:39'),
(9, 'alias', 'Exercitationem aut qui dignissimos qui. Incidunt tenetur pariatur recusandae quia qui deserunt aut. Reiciendis omnis dolores adipisci quisquam. Amet eum cum iusto quia ipsa. Id quia cum voluptatem.', 667, 2, 19, '2021-02-03 12:53:39', '2021-02-03 12:53:39'),
(10, 'id', 'Cum explicabo ipsam nostrum eos. Asperiores ea incidunt aliquid qui sit nulla voluptas tenetur. Qui laudantium mollitia distinctio numquam.', 878, 0, 3, '2021-02-03 12:53:39', '2021-02-03 12:53:39'),
(11, 'et', 'Nihil aut corporis natus et possimus. Veniam nihil ipsum molestias neque vel. Enim qui voluptatem ex exercitationem mollitia.', 736, 4, 30, '2021-02-03 12:53:39', '2021-02-03 12:53:39'),
(12, 'harum', 'Ut enim occaecati provident cumque quo id ad. Doloremque sed illo dolore ipsam eius enim. Quia optio consequuntur molestias.', 767, 3, 8, '2021-02-03 12:53:39', '2021-02-03 12:53:39'),
(13, 'vitae', 'Illum quasi cupiditate qui repellendus. Qui ut et ullam esse sunt. Qui voluptate cum quas.', 810, 2, 18, '2021-02-03 12:53:39', '2021-02-03 12:53:39'),
(14, 'hic', 'Eos rerum sunt quis aut est. Eum sit consequatur explicabo ducimus quis cumque. Corporis et quam omnis rem assumenda. Eligendi ea quia ex ab quisquam amet vero illum.', 266, 1, 26, '2021-02-03 12:53:39', '2021-02-03 12:53:39'),
(15, 'repellat', 'Rem tenetur consequatur aut ab delectus. Nihil et autem est commodi est eius consequatur. Vitae est quod voluptas veritatis dicta.', 929, 7, 8, '2021-02-03 12:53:39', '2021-02-03 12:53:39'),
(16, 'placeat', 'Voluptas facere corrupti esse non saepe vitae consectetur. Fugiat quam dolorem aliquam itaque. Amet dolor id velit rerum cum ipsa. Nam id quasi praesentium quas cumque dolorum.', 650, 1, 10, '2021-02-03 12:53:39', '2021-02-03 12:53:39'),
(17, 'molestiae', 'Culpa quae ea reprehenderit harum et. Sed harum animi id labore perferendis aut. Et necessitatibus esse aliquid ea cupiditate sint perferendis deleniti. Quis in repudiandae corporis qui.', 708, 1, 19, '2021-02-03 12:53:39', '2021-02-03 12:53:39'),
(18, 'nobis', 'Asperiores necessitatibus at iure quo magni enim earum. Facere aut facere earum. Fugit minus qui quia ullam quia. Iusto iure ea aut expedita sunt.', 787, 5, 12, '2021-02-03 12:53:39', '2021-02-03 12:53:39'),
(19, 'aliquam', 'Aliquam ullam est aliquid praesentium veniam. Magnam consequatur voluptatibus cum molestiae cupiditate error quae. At illo enim voluptates sit quibusdam sed. Suscipit voluptas et ducimus voluptas officiis.', 504, 1, 27, '2021-02-03 12:53:39', '2021-02-03 12:53:39'),
(20, 'cumque', 'Rerum explicabo exercitationem sapiente itaque perferendis libero consequuntur. Dolorum iure corrupti culpa cupiditate dicta laboriosam qui. Maiores quasi dicta nemo deserunt ad provident optio. Hic quae neque corrupti dignissimos.', 954, 4, 26, '2021-02-03 12:53:39', '2021-02-03 12:53:39'),
(21, 'repellat', 'Corrupti consequatur distinctio deleniti aut quis autem. Dolores labore autem nesciunt facilis aut qui hic similique.', 689, 4, 29, '2021-02-03 12:53:39', '2021-02-03 12:53:39'),
(22, 'incidunt', 'Vel quibusdam ut deserunt expedita. Quisquam minima vel et dolorem dolorem illum. Molestiae quae corporis repudiandae reiciendis laudantium rerum quae. Aut et in labore qui voluptas dolorum quibusdam et.', 575, 3, 27, '2021-02-03 12:53:39', '2021-02-03 12:53:39'),
(23, 'eos', 'Ipsa dolor atque nam cumque. Nostrum doloribus nemo et aut quia. Modi asperiores eligendi non eum distinctio dolorem unde.', 135, 7, 24, '2021-02-03 12:53:39', '2021-02-03 12:53:39'),
(24, 'beatae', 'Commodi atque consequatur perferendis consequatur omnis. Facilis aspernatur eligendi eos sunt. Iusto commodi provident ipsam modi omnis et.', 567, 0, 18, '2021-02-03 12:53:39', '2021-02-03 12:53:39'),
(25, 'blanditiis', 'Nemo quae deserunt doloremque eos voluptatem eligendi. Aut doloremque quaerat alias amet. Vitae eligendi repellat omnis quasi facilis.', 627, 6, 15, '2021-02-03 12:53:39', '2021-02-03 12:53:39'),
(26, 'provident', 'Corrupti molestiae officiis voluptatem iusto. Amet tempore delectus quas adipisci temporibus. Magni sed nemo consequatur non.', 490, 9, 17, '2021-02-03 12:53:39', '2021-02-03 12:53:39'),
(27, 'magni', 'Magnam enim molestiae dolores est. Veritatis dolor repellat animi id facilis. Sit eos ut quidem doloribus velit et.', 164, 0, 26, '2021-02-03 12:53:39', '2021-02-03 12:53:39'),
(28, 'in', 'Est dolores occaecati temporibus blanditiis consequatur rerum. Doloribus atque laudantium nobis est nihil. Delectus quis velit in provident voluptas ut voluptatem. Voluptatibus voluptate voluptas laborum est animi officia.', 220, 2, 28, '2021-02-03 12:53:39', '2021-02-03 12:53:39'),
(29, 'est', 'Necessitatibus illo harum sit. Aperiam nulla aut minus eveniet atque ut placeat. Ipsum consequatur aspernatur et optio exercitationem aut odio. Minima et aut sapiente eos eum ut aut eveniet.', 711, 2, 17, '2021-02-03 12:53:39', '2021-02-03 12:53:39'),
(30, 'sequi', 'Aliquam iste nulla officiis. Ut velit temporibus id magnam. Asperiores commodi quidem dolorem aliquam aut delectus. Fugiat minus architecto sint voluptas.', 744, 8, 24, '2021-02-03 12:53:39', '2021-02-03 12:53:39'),
(31, 'facilis', 'Mollitia numquam dolores saepe dolores. Ut consequuntur excepturi consequatur minima accusantium omnis. Voluptatem sint iure rerum minus laudantium beatae quisquam. Odio quia explicabo iure et sit.', 778, 6, 19, '2021-02-03 12:53:39', '2021-02-03 12:53:39'),
(32, 'dicta', 'Beatae maxime et sunt ut dolores quo. Aut soluta vel atque sapiente est. Deleniti ut ipsum necessitatibus consequatur repellat est.', 958, 7, 19, '2021-02-03 12:53:39', '2021-02-03 12:53:39'),
(33, 'harum', 'Quis iusto aut et dolore ratione porro. Possimus nesciunt corrupti consequatur debitis rerum nemo dolor. Et vitae rerum pariatur enim enim.', 754, 0, 29, '2021-02-03 12:53:39', '2021-02-03 12:53:39'),
(34, 'voluptas', 'Est nostrum autem dolor voluptatem cumque modi. Cum dicta tenetur libero unde in. Blanditiis accusantium molestias quo ea.', 940, 7, 12, '2021-02-03 12:53:39', '2021-02-03 12:53:39'),
(35, 'rem', 'Reprehenderit vero et sit veritatis impedit aut molestias suscipit. Debitis maiores doloribus officiis rerum ipsam necessitatibus. Modi a est ea corporis natus. Maxime qui qui explicabo hic et.', 216, 7, 27, '2021-02-03 12:53:39', '2021-02-03 12:53:39'),
(36, 'neque', 'Et qui vero quia natus. Perferendis numquam reprehenderit autem sed. Dignissimos est tenetur et officia ea et temporibus. Fuga voluptatem id qui earum deleniti nesciunt est.', 357, 4, 16, '2021-02-03 12:53:39', '2021-02-03 12:53:39'),
(37, 'nesciunt', 'Aut necessitatibus qui sapiente animi optio voluptas eaque. Velit earum voluptatem inventore incidunt.', 107, 7, 26, '2021-02-03 12:53:40', '2021-02-03 12:53:40'),
(38, 'perferendis', 'Esse fugit omnis vero voluptatum. Alias vel ratione accusamus tenetur. Esse quo sed autem. Expedita magni quia cupiditate eaque consequatur consequatur ut. Quia voluptatem non minus deleniti commodi qui sunt.', 471, 3, 18, '2021-02-03 12:53:40', '2021-02-03 12:53:40'),
(39, 'nemo', 'Qui sit dolorem quasi perferendis earum nihil velit autem. Doloremque est tempora distinctio asperiores. Nihil sunt minus laboriosam dicta pariatur.', 260, 9, 24, '2021-02-03 12:53:40', '2021-02-03 12:53:40'),
(40, 'voluptatem', 'Eum adipisci placeat omnis vel. Nesciunt et dolorem hic aspernatur. Consequatur consequatur perferendis ab esse ut aliquam rerum.', 991, 0, 19, '2021-02-03 12:53:40', '2021-02-03 12:53:40'),
(41, 'et', 'Ducimus tenetur in tempore ullam voluptatem voluptas. Harum aliquam sunt ab aliquam. Asperiores optio possimus earum ipsam voluptatem.', 886, 4, 21, '2021-02-03 12:53:40', '2021-02-03 12:53:40'),
(42, 'corporis', 'Suscipit nulla amet voluptatem sed atque repudiandae minus reiciendis. Quos omnis voluptatum doloribus accusantium. Est cum officia et ipsa. Omnis asperiores sit hic aspernatur sit placeat. Asperiores quidem quam reiciendis voluptatem molestiae maxime amet harum.', 910, 8, 6, '2021-02-03 12:53:40', '2021-02-03 12:53:40'),
(43, 'qui', 'Consequatur adipisci iste illo et modi. Doloremque optio nisi aliquid et. Quisquam dolor natus dignissimos minima impedit quia. Corrupti rem cupiditate praesentium autem.', 927, 9, 17, '2021-02-03 12:53:40', '2021-02-03 12:53:40'),
(44, 'veniam', 'Maiores esse quod provident necessitatibus facilis nostrum facilis. Magni possimus velit repudiandae fugit est sint qui. Cum qui qui ut voluptatem.', 364, 9, 17, '2021-02-03 12:53:40', '2021-02-03 12:53:40'),
(45, 'est', 'Porro animi harum eum facilis. Iusto similique laudantium ratione cupiditate praesentium nulla. Itaque voluptas in quo dolorem voluptatem esse. Dolorum iste dicta enim omnis id assumenda fugiat.', 591, 5, 8, '2021-02-03 12:53:40', '2021-02-03 12:53:40'),
(46, 'voluptatem', 'Esse expedita quia quo vero nulla et aliquam. Rerum vero ratione hic hic aut. Nemo aperiam maxime possimus ea dolor. Ea ut alias eligendi iusto inventore.', 770, 3, 30, '2021-02-03 12:53:40', '2021-02-03 12:53:40'),
(47, 'quia', 'Numquam ducimus vel mollitia molestiae. Modi eaque voluptatem reiciendis delectus repudiandae magni qui. Et labore aspernatur iusto reiciendis.', 533, 9, 9, '2021-02-03 12:53:40', '2021-02-03 12:53:40'),
(48, 'non', 'Rem qui ipsa quaerat id voluptas sit vel. Non eum quaerat sed quia esse ad. Minus aut tenetur repellendus illo praesentium velit voluptate a. Ipsa commodi voluptas esse et fuga incidunt.', 477, 5, 6, '2021-02-03 12:53:40', '2021-02-03 12:53:40'),
(49, 'dignissimos', 'Quis dolorem sint minus. Mollitia dolore nihil id tempore rem ipsa animi.', 302, 1, 4, '2021-02-03 12:53:40', '2021-02-03 12:53:40'),
(50, 'quisquam', 'Dicta nihil quae ea aspernatur. Praesentium quisquam voluptas possimus nulla est est. Nihil iusto qui veniam eos aut aut possimus. Ipsam quia fuga distinctio delectus quo et.', 692, 6, 2, '2021-02-03 12:53:40', '2021-02-03 12:53:40'),
(51, 'dolorem', 'Aut nemo tenetur voluptas. Ipsam impedit eum impedit reiciendis ut. Voluptas molestias quia quo et nostrum fuga qui.', 557, 6, 8, '2021-02-03 12:54:57', '2021-02-03 12:54:57'),
(52, 'vitae', 'Officiis possimus blanditiis dolor excepturi optio. Voluptatem doloremque in rem nihil. Voluptatum expedita atque consectetur. Explicabo sit placeat vero ipsam ipsam.', 696, 4, 30, '2021-02-03 12:54:57', '2021-02-03 12:54:57'),
(53, 'maxime', 'Repellendus laborum nihil inventore omnis quidem quo fugit. Aliquid reprehenderit qui aliquid quas sint accusamus. Est est voluptatum voluptatibus. Officia illum eos aut eos fugiat iusto vel.', 434, 0, 19, '2021-02-03 12:54:57', '2021-02-03 12:54:57'),
(54, 'delectus', 'Et quisquam enim quia blanditiis eos. Pariatur ipsa quis esse assumenda velit praesentium. Ex et dignissimos sed praesentium perspiciatis deserunt. Aperiam consequatur accusamus velit qui reiciendis dolores et fugit. Ea ea voluptatem voluptate.', 316, 0, 22, '2021-02-03 12:54:57', '2021-02-03 12:54:57'),
(55, 'eligendi', 'Quasi et optio aspernatur accusamus. Magni qui et amet ut suscipit. Ut accusantium rerum sequi sit voluptate. Fugit alias aliquid sit sequi mollitia deserunt. Quia quibusdam et ut at qui ullam veniam.', 120, 6, 27, '2021-02-03 12:54:57', '2021-02-03 12:54:57'),
(56, 'aut', 'Corrupti ipsum repellendus ipsa suscipit. Quidem aliquam voluptates perferendis consequuntur quia eum impedit. Dolorem sit ex magnam et saepe soluta. Unde rerum in deserunt et.', 153, 4, 20, '2021-02-03 12:54:57', '2021-02-03 12:54:57'),
(57, 'suscipit', 'Optio porro voluptatem eum cupiditate minima. Et quisquam ut voluptates sit. Qui dignissimos autem eligendi dignissimos. In minus minima accusamus.', 389, 2, 22, '2021-02-03 12:54:57', '2021-02-03 12:54:57'),
(58, 'non', 'Voluptas et id sapiente. Ut qui veniam est maxime blanditiis perspiciatis est. Consequatur dolor consequuntur non provident quae. Velit quo harum quia soluta.', 195, 6, 13, '2021-02-03 12:54:57', '2021-02-03 12:54:57'),
(59, 'totam', 'Explicabo consectetur impedit voluptatum facere dolorem. Porro odio odio expedita. Doloremque molestiae blanditiis expedita quos deserunt quo. Velit excepturi assumenda minima expedita tempore assumenda hic. Et molestiae nemo quis officiis aut provident dolorem.', 508, 1, 24, '2021-02-03 12:54:57', '2021-02-03 12:54:57'),
(60, 'repellendus', 'Odit esse praesentium rerum et. Quidem et debitis aut sit voluptas. Iure molestias rem voluptatem occaecati eos.', 833, 5, 14, '2021-02-03 12:54:57', '2021-02-03 12:54:57'),
(61, 'ipsum', 'Minus itaque quibusdam ullam enim impedit neque. Sint similique voluptates quaerat illum. Repudiandae enim sequi veniam. Ullam praesentium sit in aliquam.', 129, 7, 5, '2021-02-03 12:54:57', '2021-02-03 12:54:57'),
(62, 'corrupti', 'Veniam consequuntur eos nisi maiores. Deserunt rem eos omnis dolore. Sint expedita culpa perferendis perspiciatis iusto et.', 516, 3, 29, '2021-02-03 12:54:57', '2021-02-03 12:54:57'),
(63, 'amet', 'Et fuga id enim accusantium sunt et. Dolor in numquam rerum quia.', 458, 0, 16, '2021-02-03 12:54:57', '2021-02-03 12:54:57'),
(64, 'magnam', 'Nulla rerum aut ut assumenda. Doloribus provident quo nihil labore occaecati nisi. Qui veritatis veritatis autem libero modi. Beatae at consequatur rerum sed animi.', 462, 0, 24, '2021-02-03 12:54:57', '2021-02-03 12:54:57'),
(65, 'libero', 'Animi et culpa non recusandae reprehenderit. Sapiente provident sit nostrum assumenda dolorem neque aliquid. Architecto odio magnam et officia voluptatem eos tempora.', 359, 6, 18, '2021-02-03 12:54:57', '2021-02-03 12:54:57'),
(66, 'quos', 'Fuga at ipsa sit voluptatem. Vitae quos tempore rem quia omnis harum consectetur. Tenetur est culpa est blanditiis expedita in consequatur.', 620, 8, 16, '2021-02-03 12:54:57', '2021-02-03 12:54:57'),
(67, 'autem', 'Ducimus ea voluptates reiciendis tempore aut expedita aliquid illum. Asperiores ipsum consequatur voluptatem accusantium aperiam. Laudantium deserunt mollitia itaque aliquam.', 544, 7, 19, '2021-02-03 12:54:57', '2021-02-03 12:54:57'),
(68, 'eum', 'Et iure natus quia velit dolores itaque aperiam. Quam dolore qui expedita explicabo ex magni. Ullam vel voluptatum dolorem maxime eum inventore pariatur. Ut asperiores neque magni magnam.', 960, 2, 11, '2021-02-03 12:54:57', '2021-02-03 12:54:57'),
(69, 'necessitatibus', 'Fuga tempore ea eaque in voluptatem voluptates cumque qui. Vitae cumque qui ut autem. Et non qui ab architecto natus qui fuga.', 888, 3, 23, '2021-02-03 12:54:58', '2021-02-03 12:54:58'),
(70, 'placeat', 'Laborum et ratione sit consequatur recusandae. Voluptatem numquam tempore qui enim accusamus recusandae eveniet. Facilis a doloremque consectetur eius. Ad et quia et nihil nam rerum.', 677, 1, 4, '2021-02-03 12:54:58', '2021-02-03 12:54:58'),
(71, 'rerum', 'Odio nihil autem laudantium sunt nobis. Ut explicabo debitis cum quis. Aspernatur alias vero consectetur dolor non reprehenderit odio quasi. Quaerat harum rerum nesciunt vitae.', 500, 6, 7, '2021-02-03 12:54:58', '2021-02-03 12:54:58'),
(72, 'autem', 'Laudantium consequatur sapiente non voluptas iusto. Totam maiores maiores ratione ut sunt dolorum voluptate. Consequuntur et mollitia ea quibusdam ut occaecati. Voluptatem quod vel quae aut sed asperiores.', 412, 2, 27, '2021-02-03 12:54:58', '2021-02-03 12:54:58'),
(73, 'ea', 'Et exercitationem aut deserunt laudantium perspiciatis. Exercitationem rerum vel harum omnis soluta porro. Et similique vitae possimus quia voluptatibus rem sed. Praesentium suscipit iste expedita corrupti nihil quia.', 102, 8, 25, '2021-02-03 12:54:58', '2021-02-03 12:54:58'),
(74, 'id', 'Voluptas delectus aliquid quia eum. Quas voluptatem voluptas vero. Numquam consequatur occaecati quibusdam modi beatae. Ad iste earum corrupti iusto qui enim sed.', 672, 6, 26, '2021-02-03 12:54:58', '2021-02-03 12:54:58'),
(75, 'consectetur', 'Occaecati totam pariatur eos quis. Sed laborum quis sed suscipit sit aut. Ratione repudiandae quaerat consequatur.', 419, 5, 8, '2021-02-03 12:54:58', '2021-02-03 12:54:58'),
(76, 'dignissimos', 'Illum omnis voluptatem perspiciatis sunt. Omnis et qui et nisi libero eligendi. Harum enim odit explicabo tenetur molestias.', 773, 7, 5, '2021-02-03 12:54:58', '2021-02-03 12:54:58'),
(77, 'voluptates', 'Accusamus ab ut iure amet pariatur. Non odit tempore aut aperiam suscipit animi. Amet optio ducimus aliquam.', 520, 1, 18, '2021-02-03 12:54:58', '2021-02-03 12:54:58'),
(78, 'delectus', 'Repellat ut et aut ea ut blanditiis animi. Perferendis et incidunt qui sunt quis. Error quia tenetur sed consequuntur quis similique. Accusamus voluptatem quis rem eum rerum quibusdam.', 244, 1, 9, '2021-02-03 12:54:58', '2021-02-03 12:54:58'),
(79, 'beatae', 'Sed dolorem occaecati consequatur quibusdam velit. Omnis veritatis ut assumenda laudantium iste. Hic est excepturi quo voluptatem quibusdam.', 129, 9, 9, '2021-02-03 12:54:58', '2021-02-03 12:54:58'),
(80, 'molestiae', 'Magnam doloribus atque ut qui quo commodi. Veniam in consectetur cupiditate sapiente. Sequi delectus et quia velit aut repellendus. Consequatur quidem assumenda quia nam quia nulla maiores.', 293, 1, 4, '2021-02-03 12:54:58', '2021-02-03 12:54:58'),
(81, 'officiis', 'Voluptates nemo soluta maiores possimus rerum ab culpa. Distinctio vel et quia fugiat. Laborum ex voluptas eaque nesciunt et distinctio optio consequuntur.', 347, 3, 10, '2021-02-03 12:54:58', '2021-02-03 12:54:58'),
(82, 'voluptatibus', 'Consequuntur dolor quas sed eos voluptas enim nam. Nesciunt nihil voluptatem esse veniam quod quis. Facilis est aperiam placeat ea nisi magnam ullam esse. Eum architecto sed voluptate.', 550, 3, 15, '2021-02-03 12:54:58', '2021-02-03 12:54:58'),
(83, 'sed', 'Id mollitia distinctio porro eum. Blanditiis facilis suscipit odit assumenda. Dolorem sit et ipsa quam sed totam. Temporibus blanditiis impedit necessitatibus. At repudiandae autem ut veniam dolorum commodi.', 895, 1, 8, '2021-02-03 12:54:58', '2021-02-03 12:54:58'),
(84, 'voluptate', 'Maxime perspiciatis eius perspiciatis excepturi. Qui quis molestiae rerum qui quae accusamus aut. Rem aut et est a eos quod. Perferendis saepe dolores non sed laudantium dolore. Porro corrupti tenetur ipsa facere non enim velit dignissimos.', 504, 4, 26, '2021-02-03 12:54:58', '2021-02-03 12:54:58'),
(85, 'iure', 'Rerum temporibus ea deleniti totam. Et numquam dolores dolorum sit quis dolores sed. Doloremque impedit sit consequatur repellat fugit.', 931, 3, 23, '2021-02-03 12:54:58', '2021-02-03 12:54:58'),
(86, 'fuga', 'Sequi voluptates aut ratione aut necessitatibus. Asperiores sunt aut id expedita velit itaque eum.', 125, 9, 30, '2021-02-03 12:54:58', '2021-02-03 12:54:58'),
(87, 'labore', 'Aut ab explicabo molestias cumque nam exercitationem. Vel rem quo placeat recusandae minima. Aut quaerat corporis distinctio dolorem quas qui enim debitis.', 181, 4, 26, '2021-02-03 12:54:58', '2021-02-03 12:54:58'),
(88, 'eum', 'Ipsa velit molestiae ipsa debitis et ducimus veniam. Ea aliquid asperiores illum veniam.', 346, 3, 13, '2021-02-03 12:54:58', '2021-02-03 12:54:58'),
(89, 'eius', 'At consequuntur magni aperiam ut velit. Praesentium odio qui officiis ab commodi qui. Veritatis asperiores corrupti fugit et reiciendis officia non rem. Necessitatibus quibusdam tempore error repudiandae.', 975, 5, 13, '2021-02-03 12:54:58', '2021-02-03 12:54:58'),
(90, 'qui', 'Qui est et aut vero esse. Sed unde voluptatum consequatur qui et. Voluptas architecto adipisci doloribus quas provident quisquam deleniti ipsam. Eveniet incidunt officiis non quam quo. Dolor velit ducimus iusto cumque dolor omnis sit.', 550, 6, 25, '2021-02-03 12:54:58', '2021-02-03 12:54:58'),
(91, 'ut', 'Aut ullam quibusdam quia. Nobis id libero molestiae. Vel reprehenderit consequatur error minima molestiae est est provident.', 985, 3, 28, '2021-02-03 12:54:58', '2021-02-03 12:54:58'),
(92, 'repudiandae', 'Earum doloremque sit sed fugit excepturi esse. Voluptas aut voluptas esse non quod quo. Voluptatem quia distinctio aut cumque numquam vel. Aut quae nihil facilis nisi non sit error deserunt.', 120, 2, 18, '2021-02-03 12:54:59', '2021-02-03 12:54:59'),
(93, 'maxime', 'Dolor similique incidunt omnis repellat consectetur et sit. Tenetur non praesentium in dolores cupiditate possimus odit. Facilis cum incidunt minus in quos earum asperiores.', 432, 2, 22, '2021-02-03 12:54:59', '2021-02-03 12:54:59'),
(94, 'aut', 'Sunt dignissimos doloribus odit non. Placeat reprehenderit enim voluptatem omnis sint optio. Qui necessitatibus deleniti quam doloribus veritatis in.', 472, 4, 5, '2021-02-03 12:54:59', '2021-02-03 12:54:59'),
(95, 'atque', 'Et aliquid eum aliquid non maiores. Consectetur cumque laudantium provident neque rerum aut. Libero nihil perspiciatis non dolorum sed tenetur.', 208, 9, 25, '2021-02-03 12:54:59', '2021-02-03 12:54:59'),
(96, 'est', 'Autem quas numquam reiciendis et blanditiis. Dignissimos sapiente cumque ea enim aliquid ut. Quia quos eum odio minus tempora. Dignissimos quisquam repellat modi officia deserunt sequi.', 786, 8, 17, '2021-02-03 12:54:59', '2021-02-03 12:54:59'),
(97, 'harum', 'Quod optio enim culpa distinctio. Occaecati quae qui sint enim accusamus voluptatem. Ducimus officia expedita voluptatum non et non. Nobis repellat aliquam saepe culpa porro voluptas. Eum sed sunt ipsa corrupti temporibus natus fugiat.', 895, 6, 24, '2021-02-03 12:54:59', '2021-02-03 12:54:59'),
(98, 'veritatis', 'Quae libero et similique eos quasi sapiente. Ratione similique earum minima sunt quae dicta quidem. Et dolorum laboriosam earum molestiae.', 357, 1, 12, '2021-02-03 12:54:59', '2021-02-03 12:54:59'),
(99, 'architecto', 'Consequatur excepturi quasi omnis et. Atque id quidem commodi nobis qui deleniti quia. Nobis nobis et minus inventore sed atque dolores magni.', 131, 6, 2, '2021-02-03 12:54:59', '2021-02-03 12:54:59'),
(100, 'non', 'Aut alias quis voluptas. Velit ut non magnam corporis nesciunt sed dolore. Earum cupiditate praesentium odit nobis. Debitis doloremque autem itaque aut id.', 886, 7, 17, '2021-02-03 12:54:59', '2021-02-03 12:54:59');

-- --------------------------------------------------------

--
-- Table structure for table `reviews`
--

CREATE TABLE `reviews` (
  `id` int(10) UNSIGNED NOT NULL,
  `product_id` int(10) UNSIGNED NOT NULL,
  `customer` varchar(255) COLLATE utf8mb4_unicode_ci NOT NULL,
  `review` text COLLATE utf8mb4_unicode_ci NOT NULL,
  `star` int(11) NOT NULL,
  `created_at` timestamp NULL DEFAULT NULL,
  `updated_at` timestamp NULL DEFAULT NULL
) ENGINE=InnoDB DEFAULT CHARSET=utf8mb4 COLLATE=utf8mb4_unicode_ci;

--
-- Dumping data for table `reviews`
--

INSERT INTO `reviews` (`id`, `product_id`, `customer`, `review`, `star`, `created_at`, `updated_at`) VALUES
(1, 4, 'Zoie Pfeffer MD', 'Doloribus totam voluptatem fugiat sint necessitatibus et dicta. A voluptatem possimus ex aut a aut nam qui. Voluptas beatae soluta nostrum deleniti praesentium et eos consequatur. Autem dicta est nihil distinctio magnam.', 1, '2021-02-03 12:55:01', '2021-02-03 12:55:01'),
(2, 22, 'Emerald Boyle II', 'Et voluptatibus omnis rerum sit cum blanditiis. Numquam quae enim atque possimus suscipit sed ut. Consequatur explicabo beatae ipsum dolor vero placeat. Aspernatur sapiente consequatur totam est fugit amet.', 2, '2021-02-03 12:55:01', '2021-02-03 12:55:01'),
(3, 20, 'Kaylah Beatty I', 'Qui aut odit reiciendis distinctio esse ut. Assumenda eveniet nemo aut cumque est provident. Cupiditate vel officia suscipit atque similique vel esse. Cupiditate quae enim molestiae cumque adipisci.', 0, '2021-02-03 12:55:01', '2021-02-03 12:55:01'),
(4, 29, 'Dr. Orville Williamson V', 'Dolorum ducimus aperiam doloribus et ipsum. Quam ipsam et suscipit dicta. Temporibus ab eos non est.', 3, '2021-02-03 12:55:01', '2021-02-03 12:55:01'),
(5, 51, 'Antoinette O\'Kon', 'Similique atque quae ipsam incidunt voluptatum harum. Nulla perspiciatis deleniti tenetur velit aut non. Ad est porro sit vel est sunt et. Maiores quam et fuga ex autem eos optio.', 1, '2021-02-03 12:55:01', '2021-02-03 12:55:01'),
(6, 51, 'Loyal Kozey', 'Est corporis recusandae et quis atque aut dolorem incidunt. Et corporis aliquid ipsa labore harum. Consectetur labore eum qui quos nesciunt ex. Totam dolor blanditiis sapiente omnis qui.', 4, '2021-02-03 12:55:01', '2021-02-03 12:55:01'),
(7, 26, 'Laurianne Waelchi', 'Voluptate excepturi ipsa repudiandae quis. Dolor et nam hic corrupti. Voluptatem cum rerum consequatur quia. At et quis temporibus.', 1, '2021-02-03 12:55:01', '2021-02-03 12:55:01'),
(8, 54, 'Clyde Kilback', 'Dolores reiciendis enim itaque dolore nihil magnam aliquam et. Ducimus ut iure exercitationem fugit blanditiis voluptate. Eos inventore consectetur at sit minus eveniet.', 0, '2021-02-03 12:55:01', '2021-02-03 12:55:01'),
(9, 32, 'Jessy Kling', 'Vero voluptate doloribus autem est. Et id voluptatibus sed consectetur. Molestiae velit est voluptatum quam.', 4, '2021-02-03 12:55:01', '2021-02-03 12:55:01'),
(10, 43, 'Dr. Jeremy McGlynn', 'Quaerat dolorem dolorum et. Et odit ex voluptatibus nisi ut saepe repudiandae quisquam. Repellendus voluptatem provident soluta. Consequatur natus occaecati ut possimus.', 3, '2021-02-03 12:55:01', '2021-02-03 12:55:01'),
(11, 81, 'Nasir Rutherford', 'Sapiente nostrum dicta expedita rerum eum. Voluptas sit officia totam nihil. Rem ad minus sed dolores non corporis. Corrupti ipsa dicta adipisci et. Aspernatur et vel quam explicabo asperiores autem.', 1, '2021-02-03 12:55:01', '2021-02-03 12:55:01'),
(12, 43, 'Dr. Horace Mueller Jr.', 'Et odit dignissimos facilis magnam magni ut. Non quo a pariatur non corrupti quo facilis eaque. Eveniet rerum delectus ratione ipsa sunt recusandae. Est et quam voluptas eum hic architecto.', 3, '2021-02-03 12:55:01', '2021-02-03 12:55:01'),
(13, 69, 'Belle Schimmel', 'Earum itaque totam velit cum. Aperiam aut expedita nam. Quibusdam dolores accusantium libero aut possimus cupiditate accusamus. Qui dolorem recusandae libero eaque quasi est.', 1, '2021-02-03 12:55:02', '2021-02-03 12:55:02'),
(14, 65, 'Randal Stokes', 'Voluptate quos vel nihil. Natus beatae ut praesentium ducimus qui dolor et. Natus autem consequatur odit natus dolorem. Temporibus quae sed et consectetur voluptas nihil voluptatibus. Libero amet quas quod animi dolorem quaerat alias.', 4, '2021-02-03 12:55:02', '2021-02-03 12:55:02'),
(15, 36, 'Brandyn Ebert', 'Inventore minima pariatur quia necessitatibus enim tempora. Aut ut quae quo id doloremque. Omnis quod ut dignissimos culpa qui. Nihil qui sit a et tenetur facilis est.', 0, '2021-02-03 12:55:02', '2021-02-03 12:55:02'),
(16, 88, 'Miss Minnie Dicki DVM', 'Fugit saepe omnis natus dolore. Tempore ipsam dolores animi ipsa sed qui consequatur ut.', 2, '2021-02-03 12:55:02', '2021-02-03 12:55:02'),
(17, 6, 'Miss Casandra Gorczany Jr.', 'Id ipsam quis veniam quod nostrum debitis non explicabo. Ab voluptatibus reiciendis harum pariatur aut deserunt. Autem eligendi quia et.', 1, '2021-02-03 12:55:02', '2021-02-03 12:55:02'),
(18, 67, 'Prof. Joaquin Ondricka PhD', 'Iste eligendi ex nesciunt velit voluptas error sint. A ad ea suscipit. Consequatur temporibus eum adipisci quos. Dolor molestias enim ratione iste.', 0, '2021-02-03 12:55:02', '2021-02-03 12:55:02'),
(19, 18, 'Remington Cole', 'Placeat libero sit sed est aliquam. Quas voluptates quod consequatur eos praesentium. Voluptatem qui facilis molestiae quis et. Et architecto nihil voluptatibus voluptatum dignissimos.', 1, '2021-02-03 12:55:02', '2021-02-03 12:55:02'),
(20, 61, 'Judson Kling', 'Vero modi omnis et culpa molestias voluptatum. Deleniti deleniti rerum aut. Veniam ratione necessitatibus et dolor iusto necessitatibus. Et dicta praesentium est.', 4, '2021-02-03 12:55:02', '2021-02-03 12:55:02'),
(21, 25, 'Isidro Sipes Sr.', 'Modi corporis veritatis non consequatur. Est eaque ad beatae.', 5, '2021-02-03 12:55:02', '2021-02-03 12:55:02'),
(22, 7, 'Prof. Priscilla Koch MD', 'Ut quam quae reiciendis perspiciatis dolore dolorem. Sed beatae unde officia eum. Omnis culpa et dolorem.', 4, '2021-02-03 12:55:02', '2021-02-03 12:55:02'),
(23, 23, 'Ardella Greenfelder', 'Nulla tenetur qui similique non voluptas consequatur pariatur. Consequatur natus dolor expedita nihil. In commodi commodi aut unde ipsum rerum.', 0, '2021-02-03 12:55:02', '2021-02-03 12:55:02'),
(24, 48, 'Trevor Collier', 'Culpa voluptatem error incidunt. Totam sunt illum non ea delectus ipsum explicabo. Odit non et in qui animi ratione.', 3, '2021-02-03 12:55:02', '2021-02-03 12:55:02'),
(25, 61, 'Jannie Dooley', 'Culpa molestiae voluptas a blanditiis eaque. Id accusamus nisi sequi tenetur. Tempore quas placeat est vitae accusamus atque porro. Ut ut aspernatur qui.', 1, '2021-02-03 12:55:02', '2021-02-03 12:55:02'),
(26, 34, 'Aaron Gaylord', 'Provident et sit id hic quod facilis. Doloremque rem eligendi iste quis ad. Mollitia et nesciunt quia debitis. Inventore in ut modi. Qui voluptatum occaecati est.', 0, '2021-02-03 12:55:02', '2021-02-03 12:55:02'),
(27, 35, 'Mrs. Laura McCullough III', 'Earum magnam quo ea. Sed saepe quia id quia voluptas.', 0, '2021-02-03 12:55:02', '2021-02-03 12:55:02'),
(28, 57, 'Mariana Goyette', 'Illum ipsum consequatur modi illo rerum eius provident illo. Aliquam aspernatur non a a reprehenderit.', 2, '2021-02-03 12:55:02', '2021-02-03 12:55:02'),
(29, 75, 'Roslyn Yost', 'Atque voluptatum et praesentium labore ut est ut. Non optio nobis aspernatur vel blanditiis omnis cum. Quis et omnis consequatur voluptate.', 0, '2021-02-03 12:55:02', '2021-02-03 12:55:02'),
(30, 34, 'Mrs. Alva Weimann', 'Commodi ut odio impedit omnis. Veniam qui modi omnis rerum voluptatem. Et et possimus sed nihil neque et quas.', 4, '2021-02-03 12:55:02', '2021-02-03 12:55:02'),
(31, 47, 'Albin Block', 'Rerum earum enim iste perferendis fugit tempora. Beatae sunt suscipit debitis consequatur iure ut. Reiciendis consequatur esse temporibus non quam non. Ipsa distinctio aliquam eos voluptas vero. Earum esse consequatur libero eos temporibus quia.', 2, '2021-02-03 12:55:02', '2021-02-03 12:55:02'),
(32, 68, 'Eden Gorczany', 'Omnis voluptate nostrum et aliquid ut eveniet. Quis enim qui similique quis iusto impedit sed eveniet. Sequi nam vero dolorem labore neque quia.', 0, '2021-02-03 12:55:02', '2021-02-03 12:55:02'),
(33, 91, 'Miss Barbara Boyle II', 'Dignissimos ipsam mollitia iure est dolor architecto eaque. Unde voluptates accusamus necessitatibus commodi voluptas ab. Similique nisi ut ea eos. Eveniet voluptatem consequatur fugiat fuga.', 0, '2021-02-03 12:55:02', '2021-02-03 12:55:02'),
(34, 16, 'Retta Shanahan', 'Enim nihil dignissimos nostrum sunt in. Ut esse totam necessitatibus aut fugiat corrupti. Temporibus rerum quo nemo quo dolorem neque id quidem.', 1, '2021-02-03 12:55:02', '2021-02-03 12:55:02'),
(35, 95, 'Mariah Carter', 'Ipsa a ab non saepe nam. Eos et non est eligendi amet. Ea et non sint ut cum neque optio cupiditate. Qui beatae dolorem doloremque fuga dignissimos labore recusandae quo.', 0, '2021-02-03 12:55:02', '2021-02-03 12:55:02'),
(36, 27, 'Eldridge Sauer I', 'Vero eos repellendus debitis necessitatibus. Asperiores voluptatum quo qui velit quidem fuga molestiae. Ipsam ad ipsa repellendus dolorem blanditiis suscipit.', 2, '2021-02-03 12:55:02', '2021-02-03 12:55:02'),
(37, 26, 'Prof. Rory West', 'Hic voluptatem optio sequi. Velit aspernatur aut eaque hic similique et debitis et. Nesciunt ad sint cumque dolores tempora quo quia tempore.', 5, '2021-02-03 12:55:02', '2021-02-03 12:55:02'),
(38, 78, 'Cruz Murazik', 'Voluptatem impedit inventore id. Ut porro eligendi voluptas iure architecto. At voluptas laudantium ducimus beatae ut deserunt tempore culpa. Rerum labore tempora autem.', 5, '2021-02-03 12:55:02', '2021-02-03 12:55:02'),
(39, 35, 'Carol Beier', 'Labore modi quidem voluptas voluptas aut. Velit modi soluta a cumque numquam quaerat magnam. Labore quisquam voluptatem libero.', 0, '2021-02-03 12:55:02', '2021-02-03 12:55:02'),
(40, 31, 'Dr. Frankie Herman II', 'Nisi fugiat reiciendis fuga beatae. Quidem occaecati inventore sequi molestiae cupiditate saepe autem.', 1, '2021-02-03 12:55:02', '2021-02-03 12:55:02'),
(41, 36, 'Madie Stiedemann', 'Vel voluptatum rerum debitis quis architecto officia cumque. In quia ad dolor eos voluptatem id.', 5, '2021-02-03 12:55:02', '2021-02-03 12:55:02'),
(42, 62, 'Tyrese Nitzsche', 'Dolor ut expedita repudiandae nam. Eius nobis aut et ipsam et. Voluptates voluptates voluptas ipsam veniam laborum sapiente nesciunt non.', 2, '2021-02-03 12:55:02', '2021-02-03 12:55:02'),
(43, 73, 'Dr. Dorothea Hessel', 'Nihil cupiditate laborum unde rem. Ut maiores fugit voluptas sit eius consequatur.', 2, '2021-02-03 12:55:02', '2021-02-03 12:55:02'),
(44, 19, 'Angeline Nolan', 'Expedita sequi sunt pariatur architecto amet autem. Reprehenderit culpa sed in dicta doloribus mollitia aut. Ullam ipsam molestias eveniet sed minus iusto dicta. Officiis voluptatem sed qui dolor eum sed nihil sit.', 4, '2021-02-03 12:55:02', '2021-02-03 12:55:02'),
(45, 76, 'Alaina Hegmann', 'Tempora illum totam minus est eveniet. Animi quis id eum illo. Eos autem illo tempore. Quo voluptas id sit.', 3, '2021-02-03 12:55:02', '2021-02-03 12:55:02'),
(46, 97, 'Geovany Gottlieb', 'Consequatur dolore eum sint nemo quia dolorum deserunt sed. Deserunt totam non sint earum aut nostrum.', 4, '2021-02-03 12:55:03', '2021-02-03 12:55:03'),
(47, 64, 'Winfield Gleason', 'Qui in quia sit dolor aut et odit. Soluta nulla est beatae ut ipsa. Nihil et libero corrupti veniam.', 2, '2021-02-03 12:55:03', '2021-02-03 12:55:03'),
(48, 72, 'Gideon Graham', 'Voluptatem perspiciatis culpa maxime consectetur molestiae voluptas non. Quia nihil non eum nesciunt omnis voluptas pariatur.', 1, '2021-02-03 12:55:03', '2021-02-03 12:55:03'),
(49, 58, 'Mac Kulas', 'Non reiciendis hic ducimus magni at. Nostrum est earum tenetur totam quisquam cupiditate. Ut quas et aspernatur.', 5, '2021-02-03 12:55:03', '2021-02-03 12:55:03'),
(50, 20, 'Conor Bogan DVM', 'Explicabo excepturi aut rerum laboriosam necessitatibus eum. Sit et magnam natus cum excepturi consequatur. Similique magnam et animi eos eos iste. Quo et pariatur laboriosam dolorem incidunt cumque.', 3, '2021-02-03 12:55:03', '2021-02-03 12:55:03'),
(51, 28, 'Dr. Mario Durgan PhD', 'Architecto labore esse voluptatem molestias rerum. Delectus odio aut minima ut. Quia rem aperiam veritatis labore. Corrupti molestias vitae illum possimus aut.', 1, '2021-02-03 12:55:03', '2021-02-03 12:55:03'),
(52, 25, 'Freddie Stiedemann', 'Qui qui nemo nobis quia est voluptatum. Nemo suscipit blanditiis ut perspiciatis voluptas. Reiciendis doloremque animi aut accusamus ullam esse.', 0, '2021-02-03 12:55:03', '2021-02-03 12:55:03'),
(53, 15, 'Delpha Borer', 'Dolores voluptatem ut qui. Voluptatibus suscipit quis eligendi dolores doloribus rem esse. Ut ea velit et aperiam est cumque.', 1, '2021-02-03 12:55:03', '2021-02-03 12:55:03'),
(54, 59, 'Rey Stiedemann II', 'Eos quibusdam aut a quam eius ullam. Dolor qui et ea culpa esse. Similique delectus eligendi quia voluptates quo. Ducimus voluptas porro ut dolores iste asperiores.', 2, '2021-02-03 12:55:03', '2021-02-03 12:55:03'),
(55, 7, 'Stanton Parker', 'Quod et in unde rerum culpa. Eligendi dicta doloribus veritatis. Dolorem iure dignissimos aut corporis quo ea quae impedit. Perferendis nemo et nostrum facilis eum voluptatem. Ut unde velit quasi.', 0, '2021-02-03 12:55:03', '2021-02-03 12:55:03'),
(56, 18, 'Miss Aaliyah Quigley MD', 'Temporibus adipisci voluptas optio officiis nam id quasi. Animi ut cumque eum itaque molestiae voluptas ut. Omnis ea illo aliquid corrupti ut debitis.', 5, '2021-02-03 12:55:03', '2021-02-03 12:55:03'),
(57, 55, 'Kailyn Oberbrunner', 'Ratione aut tenetur dicta pariatur ad autem quas ut. Reprehenderit et ab quos modi quisquam. Voluptates nemo exercitationem similique doloremque eligendi voluptatem. Animi quas quasi deleniti.', 1, '2021-02-03 12:55:03', '2021-02-03 12:55:03'),
(58, 5, 'Frederique Mitchell', 'Accusantium quae earum velit dolorem delectus adipisci. Repudiandae error sint natus est ab facere aut. Enim enim vitae perferendis autem rerum at rerum. Nam dolorem qui sequi qui et reiciendis sint.', 0, '2021-02-03 12:55:03', '2021-02-03 12:55:03'),
(59, 9, 'Faustino Kunze', 'Et iste voluptatem eum sit. Animi optio aut et veritatis quidem dignissimos.', 3, '2021-02-03 12:55:03', '2021-02-03 12:55:03'),
(60, 87, 'Rodrigo McCullough IV', 'Rerum dolorem rerum et eum. Impedit aut qui repellat aut et quidem. Est quidem quaerat sint.', 1, '2021-02-03 12:55:03', '2021-02-03 12:55:03'),
(61, 59, 'Wava Lehner PhD', 'Et officia iure expedita quisquam. Consectetur placeat molestiae nihil vel labore non dolores. Quo vitae quibusdam doloremque vitae debitis cum ut aspernatur.', 3, '2021-02-03 12:55:03', '2021-02-03 12:55:03'),
(62, 62, 'Cole Zboncak', 'Neque eum non consequatur dolor at neque adipisci. Officiis nam sapiente enim aut. Soluta molestiae voluptate consequatur vel illum fuga voluptatum.', 4, '2021-02-03 12:55:03', '2021-02-03 12:55:03'),
(63, 20, 'Toni Runolfsson', 'Temporibus harum quod iste rem earum voluptas. Deleniti ipsam delectus sed recusandae. Dicta eius occaecati dolorem ad. Officiis corporis consectetur dolores.', 1, '2021-02-03 12:55:03', '2021-02-03 12:55:03'),
(64, 16, 'Mr. Darius Kris', 'Est corrupti earum ut totam quasi nemo. Voluptatem consectetur repudiandae neque sunt quo. Quia debitis dolor aut ut.', 0, '2021-02-03 12:55:03', '2021-02-03 12:55:03'),
(65, 73, 'Kristina Strosin', 'Quibusdam et dolorem blanditiis repudiandae dolor quia est. Voluptatem tempore est ullam veritatis. Sed iusto veniam ut aliquid.', 0, '2021-02-03 12:55:03', '2021-02-03 12:55:03'),
(66, 63, 'Caesar Bechtelar Jr.', 'Et similique earum voluptas ad dolore laudantium officia. Voluptas a illum et necessitatibus doloribus esse. Nemo eos culpa et aut ducimus voluptatem. Nihil doloremque sit voluptatem quia. Consequatur non aut vitae distinctio non accusamus earum.', 4, '2021-02-03 12:55:03', '2021-02-03 12:55:03'),
(67, 100, 'Heather Smitham', 'Ipsam mollitia ab perspiciatis sequi et sit quia omnis. Alias et aut est eos sed quia. Et consequuntur aut maxime.', 3, '2021-02-03 12:55:03', '2021-02-03 12:55:03'),
(68, 25, 'Wava Reichel', 'Est doloribus exercitationem a voluptatem corrupti nobis ipsum ut. Sequi sint autem velit consequatur. Illo fugit in iusto qui. Aut velit dignissimos voluptatibus qui et.', 5, '2021-02-03 12:55:03', '2021-02-03 12:55:03'),
(69, 14, 'Jevon Greenfelder', 'Cum omnis vero sit voluptas similique alias alias. Voluptas illo similique aperiam voluptatem autem. Non quo inventore quasi consequatur. Maiores repudiandae maxime eveniet distinctio voluptatem atque.', 4, '2021-02-03 12:55:03', '2021-02-03 12:55:03'),
(70, 18, 'Hulda Ullrich', 'Eos repudiandae laborum animi voluptatem magnam. Soluta nobis sed id. Voluptatem velit ea unde praesentium.', 5, '2021-02-03 12:55:03', '2021-02-03 12:55:03'),
(71, 59, 'Roderick Volkman', 'Commodi dolore nostrum sint a. Dolorem voluptatem deserunt accusamus iusto doloribus quas saepe. Rerum maiores velit aliquam rerum odio. Ad incidunt omnis ab rerum possimus facilis odit.', 2, '2021-02-03 12:55:03', '2021-02-03 12:55:03'),
(72, 100, 'Barton Jacobs', 'Ipsam dignissimos consequatur doloribus consequatur ducimus quisquam. Eligendi quia rerum ducimus cupiditate. Minus tempore blanditiis tempora est enim.', 1, '2021-02-03 12:55:03', '2021-02-03 12:55:03'),
(73, 75, 'Summer Lemke', 'Porro perferendis qui aut voluptas. Maxime eum dolore est labore laboriosam molestiae enim nihil. Architecto aperiam libero dolores eum qui.', 1, '2021-02-03 12:55:03', '2021-02-03 12:55:03'),
(74, 14, 'Dr. Orie Lesch DVM', 'Enim hic ipsa omnis non. Consequatur in occaecati magnam consequatur quia quas est. Sint rerum expedita molestiae id ipsam. Dolorem dolor commodi quaerat quia in.', 2, '2021-02-03 12:55:03', '2021-02-03 12:55:03'),
(75, 63, 'Ms. Cassandra Luettgen', 'Aut exercitationem architecto ex alias exercitationem suscipit sunt. Exercitationem est cumque officiis aut non dignissimos. Deserunt sequi quibusdam reiciendis accusantium natus rem quos repudiandae. Dicta praesentium et omnis libero.', 3, '2021-02-03 12:55:03', '2021-02-03 12:55:03'),
(76, 70, 'Kobe Leuschke', 'Velit voluptatem quaerat autem laborum id veritatis quod. Architecto quia hic ipsum alias. Suscipit facilis nihil dolore ut adipisci.', 3, '2021-02-03 12:55:03', '2021-02-03 12:55:03'),
(77, 16, 'Dr. Amber Mitchell', 'Ut atque repellat voluptatem quibusdam magni qui. Sed sed eius iusto assumenda aperiam quo ea. Consectetur sit animi et consequatur explicabo vero. Quia tempore officiis minus quo.', 1, '2021-02-03 12:55:04', '2021-02-03 12:55:04'),
(78, 86, 'Jeffry Crist', 'Qui ut explicabo quas eos occaecati eum. Ut at molestias quia. Quam rerum eius aut molestias.', 0, '2021-02-03 12:55:04', '2021-02-03 12:55:04'),
(79, 75, 'Prof. Wilbert Kovacek PhD', 'Eum ea vel itaque pariatur qui consequatur. Eius quisquam assumenda similique voluptas enim quia. Commodi deserunt est et maiores provident aliquam. Quia architecto est aliquid id deserunt.', 2, '2021-02-03 12:55:04', '2021-02-03 12:55:04'),
(80, 20, 'Halie Crooks', 'Repudiandae consequuntur assumenda dignissimos non consectetur consequatur aut. Quos iste id magni ducimus et inventore occaecati. Quia dolores earum nemo sed fugiat.', 0, '2021-02-03 12:55:04', '2021-02-03 12:55:04'),
(81, 83, 'Stacey Hyatt', 'Ut et accusantium ipsam qui saepe at non. Qui et quia et nam quis. Amet impedit officia fugiat sit.', 0, '2021-02-03 12:55:04', '2021-02-03 12:55:04'),
(82, 35, 'Cordell Hintz V', 'Natus autem deserunt nobis repellendus. Quod molestias temporibus ad harum officia. Et suscipit ratione aut voluptatem vero error dolor. Adipisci quia quibusdam vero alias explicabo sed dolore. Ipsa exercitationem similique eos minima quia soluta vero quibusdam.', 4, '2021-02-03 12:55:04', '2021-02-03 12:55:04'),
(83, 84, 'Kaelyn Brakus', 'Omnis officia ea quam officia et. Temporibus magnam ea veritatis magni id nostrum. Cumque exercitationem aut ut reprehenderit quam dolores consectetur.', 5, '2021-02-03 12:55:04', '2021-02-03 12:55:04'),
(84, 71, 'Sean Littel', 'Velit voluptatibus dolor ipsa autem magnam. Adipisci facere eos repellat facilis. Non molestias voluptas voluptatum dolorum consectetur expedita.', 5, '2021-02-03 12:55:04', '2021-02-03 12:55:04'),
(85, 24, 'Orrin Hartmann', 'Cum dolor facere ullam minima nisi repellendus. Sit ex dolorum dignissimos atque voluptate dolores tempora.', 5, '2021-02-03 12:55:04', '2021-02-03 12:55:04'),
(86, 89, 'Ludie Zieme', 'Id vel aut voluptas qui voluptas. Et sunt qui illum et ea at. Totam et sunt quia mollitia voluptatem corrupti. Quia in iure et occaecati voluptatum ipsum ipsa.', 0, '2021-02-03 12:55:04', '2021-02-03 12:55:04'),
(87, 1, 'Prof. Yazmin Stroman II', 'Voluptates molestiae amet beatae delectus perferendis dignissimos possimus. Ut enim odio et sed. Magnam aut in tenetur inventore atque.', 0, '2021-02-03 12:55:04', '2021-02-03 12:55:04'),
(88, 2, 'Olen Hagenes', 'Culpa et qui et quas architecto ducimus. Qui perferendis voluptatem vitae velit voluptatem officia vel. Rem voluptatem illum et quia facere unde quia non. Fugiat commodi necessitatibus laboriosam ipsum quasi consequatur voluptas qui.', 2, '2021-02-03 12:55:04', '2021-02-03 12:55:04'),
(89, 95, 'Karlee Gleason', 'Veniam ipsa cupiditate impedit ducimus. Nemo dignissimos aut qui provident ut quibusdam. At eum doloremque illo officia tempore. Omnis iste et blanditiis assumenda et.', 5, '2021-02-03 12:55:04', '2021-02-03 12:55:04'),
(90, 82, 'Joan Runolfsson', 'Ipsa vel id est expedita. Amet et error nemo dolor et rem at. Non aut aspernatur culpa laborum reprehenderit voluptas. Consequatur ut saepe ullam quos corrupti provident.', 0, '2021-02-03 12:55:04', '2021-02-03 12:55:04'),
(91, 15, 'Raquel Kemmer MD', 'Cumque perferendis quia sed ex doloribus. Earum dolor quis ea voluptatibus dignissimos voluptas. Beatae eos quo ipsam dolores aut.', 3, '2021-02-03 12:55:04', '2021-02-03 12:55:04'),
(92, 100, 'Michele Daugherty', 'Et aperiam molestiae possimus et consequatur minus saepe consequatur. Quia ad sed debitis cupiditate sunt. Eius et veritatis ex hic. Et deserunt exercitationem sit et ut corporis.', 1, '2021-02-03 12:55:04', '2021-02-03 12:55:04'),
(93, 12, 'Andreanne Feil', 'Sed quod quaerat et et qui. Quis perspiciatis reprehenderit quia et laboriosam illum molestiae nesciunt. Et saepe architecto id repudiandae nostrum amet.', 2, '2021-02-03 12:55:04', '2021-02-03 12:55:04'),
(94, 41, 'Mrs. Jeanette Rohan Sr.', 'Pariatur consequatur illum eligendi qui dicta fuga ut. Facere magni deleniti est consequatur. Maiores dolorum fugit illo illo consequatur quasi. Aut eos minus dolorem ratione. Rerum optio incidunt consequatur numquam ut ipsa sed.', 5, '2021-02-03 12:55:04', '2021-02-03 12:55:04'),
(95, 72, 'Guy Kassulke', 'Quisquam qui inventore at natus minus illo animi. Aliquid perferendis dolores dolorem non et. Animi facere possimus blanditiis nulla beatae numquam sint maiores.', 1, '2021-02-03 12:55:04', '2021-02-03 12:55:04'),
(96, 48, 'Dr. London White PhD', 'Voluptas minima minus distinctio. Aut commodi eos et ea aliquam. Facere quia quibusdam porro. Itaque molestiae qui nemo recusandae blanditiis.', 5, '2021-02-03 12:55:04', '2021-02-03 12:55:04'),
(97, 86, 'Dr. Jennings Abernathy', 'Ab nobis deserunt neque eveniet temporibus. Iure eos et maxime sint. Harum ut vel omnis et facere porro eveniet.', 0, '2021-02-03 12:55:04', '2021-02-03 12:55:04'),
(98, 31, 'Bonita Champlin', 'Laborum et laudantium cumque dolorem ea maxime nisi. Quae ut sed omnis velit earum et deleniti. Ipsum hic voluptatum quos sequi dolores voluptatum.', 5, '2021-02-03 12:55:04', '2021-02-03 12:55:04'),
(99, 68, 'Bartholome Howell', 'Ratione praesentium enim voluptatem non aut ut. Ut dolor qui est corrupti. Ullam facere veniam et possimus vel quos dolor aut.', 2, '2021-02-03 12:55:04', '2021-02-03 12:55:04'),
(100, 24, 'Akeem Ondricka', 'Quam aut omnis ut est. Ea dignissimos dolor similique quo voluptatem libero. Recusandae repudiandae maiores ducimus corrupti quo nobis. Ad qui sit suscipit blanditiis quam.', 0, '2021-02-03 12:55:04', '2021-02-03 12:55:04'),
(101, 62, 'Dr. Richie Bayer', 'Animi consequatur iusto repellendus et ad veniam asperiores. Eos earum repudiandae aperiam est quia tempora impedit. Illum itaque voluptas nobis est eligendi voluptas. Et praesentium numquam quisquam iure.', 5, '2021-02-03 12:55:04', '2021-02-03 12:55:04'),
(102, 55, 'Mireya Upton', 'Reprehenderit totam maxime dolor rerum voluptas vel nemo. Velit qui est facere omnis voluptatem eveniet molestiae. Reprehenderit aliquam voluptatem nulla vel consequatur dolores perspiciatis. Sit facilis reiciendis nihil.', 3, '2021-02-03 12:55:04', '2021-02-03 12:55:04'),
(103, 97, 'Dr. Olen Boehm III', 'Dolores quibusdam maxime ab animi. In molestiae occaecati iure earum dolorem.', 2, '2021-02-03 12:55:04', '2021-02-03 12:55:04'),
(104, 100, 'Julien Hermann', 'Adipisci veniam recusandae sed et blanditiis. Aut sint rem consequatur eos est nulla repellat. Velit aliquam voluptatum vitae doloribus ut sunt error dolores. Ut dolor voluptate distinctio sed dolorem dolor tempora doloremque.', 3, '2021-02-03 12:55:04', '2021-02-03 12:55:04'),
(105, 95, 'Jerel Block', 'Nisi eaque itaque architecto laboriosam libero rem. Architecto quo reprehenderit earum dolores ipsum excepturi aut. Cumque et quod et delectus. Adipisci dignissimos maiores iste distinctio ullam quaerat illum.', 3, '2021-02-03 12:55:04', '2021-02-03 12:55:04'),
(106, 63, 'Prof. Ursula Rodriguez DVM', 'Molestiae odio nesciunt itaque velit. Vel nobis ut eligendi omnis omnis ipsum iusto nemo. Odit officiis omnis et.', 3, '2021-02-03 12:55:04', '2021-02-03 12:55:04'),
(107, 37, 'Mark Cummerata', 'Magnam dolor harum deleniti sit veniam quidem. Nostrum qui provident aut ut. Voluptas aliquam qui eligendi provident ut consequatur optio necessitatibus. Quisquam in est quasi vel voluptatem modi blanditiis.', 5, '2021-02-03 12:55:04', '2021-02-03 12:55:04'),
(108, 34, 'Catharine Pacocha', 'Dolor eligendi quis minus non. Quod qui quia reprehenderit sapiente iusto explicabo. Est cum impedit reiciendis voluptatem deleniti quis temporibus quia.', 5, '2021-02-03 12:55:04', '2021-02-03 12:55:04'),
(109, 89, 'Ms. Rachel Waelchi', 'Et culpa eum voluptas sed et consectetur ea. Doloribus cupiditate ut quas ipsum eum. Dolores error velit fugiat.', 1, '2021-02-03 12:55:05', '2021-02-03 12:55:05'),
(110, 27, 'Abigale Deckow', 'Et et voluptatem sapiente consequatur natus voluptas. Repudiandae et voluptas sint accusamus veritatis odio eligendi. Et magnam corporis quo omnis.', 2, '2021-02-03 12:55:05', '2021-02-03 12:55:05'),
(111, 47, 'Milton Klocko', 'Et sint dignissimos veniam et aperiam error. Ducimus et nostrum tempore vel voluptas. Laborum saepe rerum fuga animi totam. Est dolores iste reprehenderit et et ut laboriosam.', 4, '2021-02-03 12:55:05', '2021-02-03 12:55:05'),
(112, 69, 'River Klein', 'Et quo voluptatum in labore et. Aut ad alias odio delectus voluptatem iusto officiis. Voluptas architecto dolorem corrupti veritatis ex consectetur sunt.', 5, '2021-02-03 12:55:05', '2021-02-03 12:55:05'),
(113, 19, 'Halie Welch V', 'Et asperiores ut aut illo. Quia nostrum dolorem qui harum rerum neque iusto quia. Quia atque nemo ea aut dolorem sunt.', 3, '2021-02-03 12:55:05', '2021-02-03 12:55:05'),
(114, 74, 'Willow Altenwerth', 'Odio velit mollitia veniam qui sint accusantium et magni. Veritatis voluptas aspernatur et occaecati corrupti. Sit aut autem aut beatae enim quo sunt nobis. Omnis molestiae et illo suscipit.', 1, '2021-02-03 12:55:05', '2021-02-03 12:55:05'),
(115, 47, 'Prof. Dillon Ondricka II', 'Est sit architecto sit excepturi totam voluptate. Blanditiis et ea suscipit architecto unde molestias. Voluptatibus ipsum quae est qui nihil.', 5, '2021-02-03 12:55:05', '2021-02-03 12:55:05'),
(116, 91, 'Gerardo Murray', 'Minus nulla corporis officiis architecto excepturi et. Non asperiores repudiandae officiis quod ut quisquam autem voluptate. Iure libero rerum porro distinctio esse enim.', 5, '2021-02-03 12:55:05', '2021-02-03 12:55:05'),
(117, 29, 'Oceane Nader', 'Nulla exercitationem eum veniam consequatur rerum ratione et. Aut saepe aut sequi ducimus. Magni distinctio id inventore inventore rerum recusandae.', 2, '2021-02-03 12:55:05', '2021-02-03 12:55:05'),
(118, 58, 'Candida Strosin MD', 'Et veniam quia odit et excepturi. Error ab sunt totam aut expedita libero ut tempore. Debitis et voluptate exercitationem et non modi expedita. Velit aut voluptatem maxime eos adipisci.', 0, '2021-02-03 12:55:05', '2021-02-03 12:55:05'),
(119, 8, 'Nathanael Marvin', 'Sit ut et nulla. Magni et excepturi ad omnis. Consequatur soluta reprehenderit natus qui aspernatur. Ut illo sed dolores natus sequi.', 2, '2021-02-03 12:55:05', '2021-02-03 12:55:05'),
(120, 86, 'Jeramy Doyle', 'Iusto repellat officiis laboriosam ea blanditiis provident porro. Vel explicabo qui laudantium sed provident quisquam tempora. Voluptatibus modi deleniti iure neque itaque. Ut temporibus nihil vitae et optio et et.', 4, '2021-02-03 12:55:05', '2021-02-03 12:55:05'),
(121, 32, 'Brook Anderson', 'Repellat voluptatem officiis asperiores aut laboriosam ratione dolores. Voluptatibus illo error vel accusantium autem. Ea nostrum voluptas numquam quibusdam qui atque. Et ullam voluptates sit accusamus aut tenetur.', 3, '2021-02-03 12:55:05', '2021-02-03 12:55:05'),
(122, 69, 'Dr. Evangeline Schamberger', 'Aspernatur aliquam enim sunt a. Et excepturi porro sed possimus debitis iusto odio. Sed occaecati adipisci et voluptate consequatur eum sequi.', 0, '2021-02-03 12:55:05', '2021-02-03 12:55:05'),
(123, 94, 'Miss Alanna Thompson Sr.', 'Voluptatum et nihil ad voluptas quia ea laudantium. Dolorum ipsam dolorem voluptatem. Et provident aut autem quae soluta unde praesentium. Reprehenderit sint quis ullam.', 0, '2021-02-03 12:55:05', '2021-02-03 12:55:05'),
(124, 54, 'Elvie Rogahn', 'Iure voluptates repudiandae et officia nihil. Esse vel est est consequatur. Perspiciatis quos nobis odit illo dignissimos facere.', 3, '2021-02-03 12:55:05', '2021-02-03 12:55:05'),
(125, 52, 'Rubie Adams', 'Omnis explicabo ut et a sit dicta distinctio nostrum. Quod fuga fugiat reiciendis vel quisquam molestiae. Aut accusantium minus odit non quibusdam at.', 5, '2021-02-03 12:55:05', '2021-02-03 12:55:05'),
(126, 67, 'Gretchen Zboncak I', 'Vel necessitatibus et impedit possimus sunt repudiandae repellat. Odio voluptatem qui distinctio praesentium. Totam alias harum temporibus vel tempore. Eos reprehenderit neque ea voluptatem ducimus hic voluptas.', 3, '2021-02-03 12:55:05', '2021-02-03 12:55:05'),
(127, 85, 'Margarett Lockman', 'Aut est eum laboriosam nulla exercitationem. Dignissimos iusto et dolor molestias vel fugit temporibus. Asperiores consequuntur repellendus officiis deserunt tempora error.', 1, '2021-02-03 12:55:05', '2021-02-03 12:55:05'),
(128, 50, 'Robyn Langosh DDS', 'Et dolorum ut fuga. Non laboriosam minus vel fuga. Deleniti temporibus corporis nemo porro corporis aperiam.', 5, '2021-02-03 12:55:05', '2021-02-03 12:55:05'),
(129, 89, 'Providenci Predovic Jr.', 'Asperiores nihil voluptate architecto quam veritatis beatae dolorum. Quod magnam labore ea illum animi. Quidem voluptatem adipisci non atque. Illo et enim ut dolore reiciendis quo iusto. Ut et harum iste porro cupiditate deleniti consequuntur dolores.', 3, '2021-02-03 12:55:05', '2021-02-03 12:55:05'),
(130, 86, 'Ms. Lucy Rippin I', 'Temporibus culpa facilis esse minima alias. Magnam officiis est cupiditate quo cumque quia. Exercitationem alias velit aut et animi ad.', 3, '2021-02-03 12:55:05', '2021-02-03 12:55:05'),
(131, 15, 'Ari Koss', 'Dolores numquam aliquam dolore quia sunt. Enim eos est reprehenderit voluptatem sit nam voluptates.', 5, '2021-02-03 12:55:05', '2021-02-03 12:55:05'),
(132, 67, 'Keanu Lowe', 'Illum at omnis itaque in. Numquam autem est voluptate architecto aut tempore dolorem. Aperiam veniam voluptatibus velit autem et.', 3, '2021-02-03 12:55:05', '2021-02-03 12:55:05'),
(133, 42, 'Lesly Lueilwitz', 'Ipsa hic nostrum aut soluta quas. Aspernatur accusantium quia est ad pariatur.', 0, '2021-02-03 12:55:05', '2021-02-03 12:55:05'),
(134, 19, 'Brandy Gleason', 'Et hic aut atque natus repudiandae error suscipit minima. Aut tempore doloribus eligendi eius adipisci sit. Aliquid quo quaerat sed totam illum dicta.', 0, '2021-02-03 12:55:05', '2021-02-03 12:55:05'),
(135, 73, 'Annabel Champlin', 'Nemo sit pariatur culpa et tenetur aliquid. Soluta at tempora accusamus nemo. Fuga corrupti ut minus nihil similique. Aut itaque non nihil voluptatem laborum enim.', 0, '2021-02-03 12:55:05', '2021-02-03 12:55:05'),
(136, 47, 'Marc Hickle', 'Fugiat molestiae ut adipisci est nam ut est. Vero illum et error quo ratione eveniet est. Eum perspiciatis deserunt eum voluptatem odio minima perspiciatis quia.', 0, '2021-02-03 12:55:05', '2021-02-03 12:55:05'),
(137, 83, 'Dr. Mireille Hackett', 'Neque aut nemo enim quam sunt rerum porro. Qui molestias autem vel dolores reiciendis labore. Culpa soluta quaerat sunt nihil nobis. Quia ut illo animi non consequuntur quae facere.', 4, '2021-02-03 12:55:05', '2021-02-03 12:55:05'),
(138, 67, 'Miss Georgiana Braun', 'Error corrupti quisquam sit qui ipsum doloribus neque. Dolor molestiae dolor officia officia deleniti cupiditate eum. Enim voluptatem autem suscipit suscipit mollitia.', 3, '2021-02-03 12:55:05', '2021-02-03 12:55:05'),
(139, 95, 'Prof. Jaleel Kirlin', 'Nihil quas vel nisi. Blanditiis autem enim pariatur nobis consequatur enim omnis. Reprehenderit non iure perspiciatis aut totam. Occaecati recusandae voluptatem ratione rerum.', 5, '2021-02-03 12:55:05', '2021-02-03 12:55:05'),
(140, 90, 'Aurelio Ebert MD', 'Aliquam sequi impedit a et esse. Consectetur suscipit quae nostrum animi laborum sit perferendis vel. A odit voluptate voluptatum deleniti eum eius aliquid.', 0, '2021-02-03 12:55:05', '2021-02-03 12:55:05'),
(141, 15, 'Mrs. Brandyn McKenzie Jr.', 'Quia id omnis deleniti optio voluptatem perspiciatis rerum corrupti. Voluptas quidem doloremque voluptates dolorem.', 4, '2021-02-03 12:55:06', '2021-02-03 12:55:06'),
(142, 15, 'Dr. Makayla Considine DVM', 'Dolor et qui est ducimus et dolorum dolores. Aut voluptas voluptates in et rem et et ipsam. Doloribus ipsa magnam ipsam a ipsa ratione corrupti. Ut nam rerum omnis inventore voluptas.', 4, '2021-02-03 12:55:06', '2021-02-03 12:55:06'),
(143, 83, 'Mrs. Annetta Hamill', 'Tempora consequuntur rerum quos quod recusandae. Ut labore fugiat consequatur distinctio et necessitatibus ea sint. Magnam cumque dolorum dolorum quia voluptatem quia quia.', 0, '2021-02-03 12:55:06', '2021-02-03 12:55:06'),
(144, 13, 'Colleen Purdy', 'Dolorem reiciendis aut praesentium fugit aut. Quas eos et officiis dolore reprehenderit. Eligendi perferendis totam non voluptas.', 5, '2021-02-03 12:55:06', '2021-02-03 12:55:06'),
(145, 3, 'Yvette Fahey MD', 'Perspiciatis natus est ut laudantium ratione. Et beatae fugiat est. Quia atque atque rerum aut. Quos odit hic ipsam quod id aut.', 1, '2021-02-03 12:55:06', '2021-02-03 12:55:06'),
(146, 41, 'Carmine Grant', 'Nesciunt autem est et id. Dolorem sed aut possimus amet qui ut sed. Ad qui voluptatem ipsam eos et.', 3, '2021-02-03 12:55:06', '2021-02-03 12:55:06'),
(147, 20, 'Maye Koepp DDS', 'Sit minus error quasi veritatis. Ut dolorem in qui modi officia velit. Cumque fugit sapiente debitis sint accusantium. Labore minus rerum quia culpa.', 1, '2021-02-03 12:55:06', '2021-02-03 12:55:06'),
(148, 22, 'Kathlyn Reichel', 'Rerum officiis aut nihil non quia in neque. Voluptatum porro libero voluptatibus cupiditate nulla quidem ea. Veritatis qui sed voluptatem rerum dolore. Quam delectus doloribus odit.', 4, '2021-02-03 12:55:06', '2021-02-03 12:55:06'),
(149, 53, 'Agustin Haley', 'Necessitatibus esse exercitationem vel magnam adipisci. Minus nostrum commodi est eos voluptas non aspernatur. Aliquam facilis qui est soluta soluta qui. Impedit dolores cumque voluptatem cum.', 0, '2021-02-03 12:55:06', '2021-02-03 12:55:06'),
(150, 40, 'Melyna Treutel', 'Itaque et dolores est reiciendis sint voluptatem. Modi veritatis sunt facilis et. Odio est quibusdam eum dicta. Libero similique eos nulla reiciendis quo eaque.', 2, '2021-02-03 12:55:06', '2021-02-03 12:55:06'),
(151, 82, 'Tyreek Effertz', 'Impedit et voluptatum voluptatem facere. Voluptatem dolores quibusdam quod dolorum minima aut officiis et. Ut rerum ab et corporis adipisci magni.', 5, '2021-02-03 12:55:06', '2021-02-03 12:55:06'),
(152, 84, 'Easter Gleichner', 'Perferendis asperiores architecto aut porro. Corrupti at veniam eaque aut commodi. Tempora perferendis aut tenetur tempora eligendi accusamus qui.', 1, '2021-02-03 12:55:06', '2021-02-03 12:55:06'),
(153, 90, 'Prof. Alta McDermott', 'Nemo quia molestias totam sapiente vel nihil. Quas exercitationem mollitia amet est et nihil. Eligendi cupiditate molestiae quae dolorum.', 4, '2021-02-03 12:55:06', '2021-02-03 12:55:06'),
(154, 84, 'Miss Clementina Spinka DVM', 'Totam quis laboriosam quisquam et iusto nesciunt facere. Quis rerum sint est odio aut voluptate. Magnam iure quod aut reprehenderit modi. Occaecati delectus veniam ut aut.', 3, '2021-02-03 12:55:06', '2021-02-03 12:55:06'),
(155, 85, 'Sophie Rosenbaum', 'Vel et eligendi voluptatibus eum dolor. Provident aliquid voluptas dolorem. Nisi ducimus omnis consequatur qui.', 4, '2021-02-03 12:55:06', '2021-02-03 12:55:06'),
(156, 97, 'Jamey Rutherford', 'Sunt excepturi eum quis sapiente ipsam. Beatae non nostrum in error et natus voluptatibus. Incidunt dolore sit nostrum blanditiis aspernatur. Et et nostrum dicta quia.', 2, '2021-02-03 12:55:06', '2021-02-03 12:55:06'),
(157, 10, 'Bell Blick DDS', 'Impedit esse eveniet aut assumenda aut enim nisi et. Quo rerum temporibus et et error consequatur quos.', 5, '2021-02-03 12:55:06', '2021-02-03 12:55:06'),
(158, 85, 'Alexis Bode', 'Illum suscipit et quos iure rerum sit. Aspernatur et sequi eius dolore alias. Accusantium debitis accusantium doloremque officia amet facilis. Maiores fugiat iure repudiandae nemo.', 2, '2021-02-03 12:55:06', '2021-02-03 12:55:06'),
(159, 93, 'Violette Mraz', 'In ut tempora consectetur officiis minima hic. Qui voluptates occaecati dolorum totam eos enim. Temporibus dolor quas natus atque exercitationem quia quas id.', 1, '2021-02-03 12:55:06', '2021-02-03 12:55:06'),
(160, 100, 'Mr. Rasheed Thiel II', 'Et ut eum possimus iste. Animi blanditiis autem voluptatem aut iste non. Iusto voluptatem nihil quis illum.', 0, '2021-02-03 12:55:06', '2021-02-03 12:55:06'),
(161, 91, 'Miss Amelie Crona I', 'Quia quos suscipit temporibus. Quis tenetur est architecto unde. Repellendus fugiat quisquam sed ullam quidem tempore et. Fuga officia quas voluptatibus ut aut recusandae.', 1, '2021-02-03 12:55:06', '2021-02-03 12:55:06'),
(162, 93, 'Ms. Pamela Hilpert', 'Ullam molestias rerum vero dolorum impedit consequatur ut. Consequuntur numquam commodi odit est et rerum odio. Eum consequatur sunt quis molestias sequi. Ut vel illum est fugit.', 2, '2021-02-03 12:55:06', '2021-02-03 12:55:06'),
(163, 11, 'Ms. Kaci Barton III', 'Nam sunt dolorem enim in ut distinctio. Est officiis vel non dignissimos ut quibusdam nostrum. Possimus ipsam laudantium provident quia. Odit aliquam fuga necessitatibus incidunt omnis ut.', 1, '2021-02-03 12:55:06', '2021-02-03 12:55:06'),
(164, 15, 'Brock Rogahn', 'Placeat quasi ea nisi inventore quia aliquam possimus. Consequuntur tempore quis assumenda suscipit qui incidunt. Sunt rerum voluptates sunt tempore eum cum.', 3, '2021-02-03 12:55:06', '2021-02-03 12:55:06'),
(165, 40, 'Dr. Burley Wisozk I', 'Magni repellendus repudiandae itaque consequatur minus non at. Quia nulla labore voluptatem illum non aut molestiae. Quidem libero magni accusantium corrupti aliquam accusantium ut.', 5, '2021-02-03 12:55:06', '2021-02-03 12:55:06'),
(166, 84, 'Kamryn Reinger', 'Suscipit voluptatum recusandae sapiente voluptatum. Quam placeat amet ut. Accusamus pariatur corporis id cum animi.', 1, '2021-02-03 12:55:06', '2021-02-03 12:55:06'),
(167, 12, 'Ivory Fay', 'Iusto qui non est nobis. Totam eaque voluptatem eum amet et dolor voluptatem. Sequi aut et velit nam et id amet.', 5, '2021-02-03 12:55:06', '2021-02-03 12:55:06'),
(168, 9, 'Miss Nia Bashirian V', 'Odit ut molestiae aut cumque placeat porro. Porro cumque rerum dicta aliquam ut perferendis.', 2, '2021-02-03 12:55:06', '2021-02-03 12:55:06'),
(169, 34, 'Hobart Runte', 'Quis dolores expedita sit ducimus aut ipsa. Blanditiis architecto id maxime. Distinctio rerum rerum eum earum. Nihil ullam culpa vel molestiae nemo cupiditate.', 1, '2021-02-03 12:55:06', '2021-02-03 12:55:06'),
(170, 58, 'Ernie Romaguera', 'Iure atque adipisci dolores. Fugiat dolores et molestias distinctio. Blanditiis illum sit nostrum sunt.', 0, '2021-02-03 12:55:06', '2021-02-03 12:55:06'),
(171, 40, 'Savanna Lubowitz', 'Laboriosam et occaecati aut enim. Vitae aliquam reiciendis dolores optio eaque nam nostrum in. Omnis temporibus temporibus eos sunt perferendis fuga rerum.', 5, '2021-02-03 12:55:06', '2021-02-03 12:55:06'),
(172, 38, 'Yessenia Haag', 'Qui enim et magnam optio quia voluptas. Quasi repellat accusamus debitis sed quis dolores. Ipsum aliquam eum est sapiente.', 2, '2021-02-03 12:55:06', '2021-02-03 12:55:06'),
(173, 42, 'Otha Larson', 'Quo voluptates aliquam alias. Quos dicta ipsa et qui exercitationem soluta. Et quod excepturi atque vero non adipisci voluptas hic. Et dolor qui tempore architecto est sint.', 1, '2021-02-03 12:55:06', '2021-02-03 12:55:06'),
(174, 48, 'Joan Reynolds', 'Natus eaque voluptatem sed corrupti consequuntur. Nihil eos asperiores natus delectus sed delectus. Ad nemo aut ab voluptas qui. Nemo ipsam rerum qui voluptate.', 2, '2021-02-03 12:55:07', '2021-02-03 12:55:07'),
(175, 70, 'Dr. Mariano Ward I', 'Odio omnis sit quia esse et consequatur autem rerum. Tempora qui tempore reprehenderit. Aut dolore repellendus voluptatem officia.', 1, '2021-02-03 12:55:07', '2021-02-03 12:55:07'),
(176, 60, 'Miss Madelyn Flatley', 'Omnis quis velit minima omnis ratione. Voluptas blanditiis quaerat sed similique cum id est. Reiciendis sit at incidunt vel. Enim quo quidem qui quia laudantium totam.', 5, '2021-02-03 12:55:07', '2021-02-03 12:55:07'),
(177, 43, 'Miss Ardella Sauer', 'Dolor adipisci consequuntur praesentium autem fugit sed maiores reprehenderit. Quia et enim ut aut natus dolorem.', 0, '2021-02-03 12:55:07', '2021-02-03 12:55:07'),
(178, 35, 'Ms. Tierra Kuhlman MD', 'Suscipit libero quae aut. Sed omnis at culpa illo. Commodi est qui ipsum iusto sunt esse. Enim quidem nesciunt molestiae sed temporibus placeat molestias. Odio vero architecto corporis voluptatibus.', 4, '2021-02-03 12:55:07', '2021-02-03 12:55:07'),
(179, 26, 'Mandy O\'Kon', 'Modi fuga repudiandae ab quas incidunt quas quibusdam. Eveniet voluptatem laborum quia sed voluptas. Molestiae minima vel placeat.', 2, '2021-02-03 12:55:07', '2021-02-03 12:55:07'),
(180, 49, 'Natasha Hermann Sr.', 'Sed quo est aliquam amet numquam. Officiis ipsa ipsum sed reprehenderit. Recusandae sed quae quas debitis deleniti repellendus. Repellendus occaecati asperiores in consequatur sit est explicabo.', 4, '2021-02-03 12:55:07', '2021-02-03 12:55:07'),
(181, 91, 'Oral Bailey', 'Qui necessitatibus natus placeat eveniet voluptas aspernatur perspiciatis. Facilis molestiae perspiciatis similique autem ex ut voluptatibus. Rerum vero dolores ut fugit pariatur minus.', 1, '2021-02-03 12:55:07', '2021-02-03 12:55:07'),
(182, 47, 'Miss Winnifred Hills PhD', 'Non velit provident mollitia et totam ea. Deserunt sit provident inventore nam. Dolorem minima molestias a blanditiis saepe exercitationem autem.', 1, '2021-02-03 12:55:07', '2021-02-03 12:55:07'),
(183, 13, 'Prof. Bernice Brown MD', 'Et iusto rerum iste voluptatem cumque debitis sint harum. Earum sint sint corrupti totam molestiae aut autem eaque. Sed et debitis sed corporis nostrum.', 1, '2021-02-03 12:55:07', '2021-02-03 12:55:07'),
(184, 75, 'Prof. Nicolas Turner Sr.', 'Ut et tempore est iusto. Ut voluptatum et architecto optio sit. Blanditiis aspernatur nesciunt ut omnis. Voluptates corporis voluptas rerum quis. Et sequi consequatur quia corporis illo repudiandae.', 3, '2021-02-03 12:55:07', '2021-02-03 12:55:07'),
(185, 35, 'Prof. Marilyne Mills', 'Explicabo totam molestias quod voluptas nulla. Ex quasi aut libero amet. Et enim suscipit non incidunt itaque incidunt perspiciatis consequatur.', 4, '2021-02-03 12:55:07', '2021-02-03 12:55:07'),
(186, 20, 'Mr. Tanner Spinka', 'Laborum doloribus enim voluptas ut. Quaerat maiores quia mollitia iusto earum. Qui dolore voluptate quibusdam tenetur sed vitae totam.', 0, '2021-02-03 12:55:07', '2021-02-03 12:55:07'),
(187, 89, 'Jany Sanford I', 'Et sunt nisi vel necessitatibus ut. Aut optio alias laborum. Non fuga dolores facere quae sit sapiente. Reiciendis adipisci ut ipsam deleniti accusamus.', 3, '2021-02-03 12:55:07', '2021-02-03 12:55:07'),
(188, 89, 'Chad Daniel', 'Vel voluptas odit aut provident et doloremque a. Ut voluptatibus ut modi in quos earum. Voluptatem nisi odit id delectus ea et.', 4, '2021-02-03 12:55:07', '2021-02-03 12:55:07'),
(189, 99, 'Dan Gutmann', 'Eveniet porro cum dolores animi ea vero. Harum a quo et beatae non. In voluptatem autem aliquam. Occaecati repudiandae enim aliquid iure iusto nam voluptas.', 1, '2021-02-03 12:55:07', '2021-02-03 12:55:07'),
(190, 57, 'Mckenzie Beer', 'Facere rerum atque quis praesentium rem expedita quibusdam. Recusandae consectetur ducimus sunt cupiditate. Et iure voluptas corporis assumenda hic dolores. Sint voluptatibus ut atque aliquam.', 3, '2021-02-03 12:55:07', '2021-02-03 12:55:07'),
(191, 25, 'Dario Boyle', 'Consequatur dolorum voluptatem nostrum impedit. Neque dolor nulla doloribus atque eum eligendi reiciendis. Cumque ex laudantium dicta nostrum explicabo.', 4, '2021-02-03 12:55:07', '2021-02-03 12:55:07'),
(192, 34, 'Prof. Waino Morissette DDS', 'Animi tempora excepturi ipsa sint suscipit quis cum. Harum repellendus velit molestias libero voluptatem molestiae. Temporibus rerum voluptatem qui voluptatem tenetur recusandae. Et minima odit laboriosam aspernatur.', 3, '2021-02-03 12:55:07', '2021-02-03 12:55:07'),
(193, 34, 'Dr. Raymond Roberts V', 'Ducimus explicabo fuga hic aliquam adipisci et. Unde et nihil commodi blanditiis et sequi pariatur. Aut quaerat necessitatibus aliquid incidunt. Sit a sed corporis qui veniam necessitatibus sint.', 1, '2021-02-03 12:55:07', '2021-02-03 12:55:07'),
(194, 18, 'Nathen Bechtelar', 'Culpa expedita ratione dolore et natus aliquid. Saepe ut neque architecto iusto qui. Dolorem nihil nisi eaque ipsum quis.', 2, '2021-02-03 12:55:07', '2021-02-03 12:55:07'),
(195, 45, 'Alexander Sanford', 'Sequi quis sint eos excepturi ipsam quos. Placeat nihil officia qui nemo. Possimus suscipit voluptatum cupiditate voluptas. Sit nemo et accusantium perspiciatis velit optio.', 3, '2021-02-03 12:55:07', '2021-02-03 12:55:07'),
(196, 25, 'Russ Cummerata', 'Omnis beatae aut ea et dicta et quia. Cum quasi itaque et quos magni. Harum aut sapiente deleniti dicta hic.', 4, '2021-02-03 12:55:07', '2021-02-03 12:55:07'),
(197, 29, 'Valentin Littel DDS', 'Veniam ab tempora sit tenetur saepe iure. Quae tempore dicta quae eaque iste sint. Velit iusto dolorem fuga voluptatem. Doloremque aspernatur fugiat nostrum et dicta ad. Atque voluptatem aliquid qui voluptatem.', 5, '2021-02-03 12:55:07', '2021-02-03 12:55:07'),
(198, 42, 'Jayde Weissnat V', 'Sunt sit animi blanditiis est corrupti eius eius ex. Repudiandae incidunt itaque ea repellendus. Inventore commodi sed et voluptatem ab nisi consequatur.', 5, '2021-02-03 12:55:07', '2021-02-03 12:55:07'),
(199, 29, 'Mrs. Eulalia O\'Kon', 'In iste soluta eos ex ut. Quam dolore eveniet aperiam ut sint sapiente doloremque. Omnis placeat voluptatum consequatur animi sequi fugiat est eos. Ipsam omnis voluptatem est exercitationem.', 2, '2021-02-03 12:55:07', '2021-02-03 12:55:07'),
(200, 42, 'Fanny Paucek', 'Earum exercitationem adipisci non esse. Quae aut esse ratione modi et veritatis omnis. Quam nemo quis ad quo maxime possimus. Culpa dolorem voluptate sint mollitia. Aut reiciendis illum impedit consequatur.', 3, '2021-02-03 12:55:08', '2021-02-03 12:55:08'),
(201, 81, 'Dr. Vicente Boyer', 'Repellendus aspernatur illo debitis molestias. At ratione tempore sit. Accusamus facilis molestias magni accusamus. Omnis culpa dolorem ducimus atque.', 5, '2021-02-03 12:55:08', '2021-02-03 12:55:08'),
(202, 2, 'Miss Angeline Greenfelder', 'Autem delectus architecto in beatae veritatis. Maiores sed est soluta veniam. Dolorem ipsum ex dolorum excepturi autem. Quam beatae id aperiam non.', 4, '2021-02-03 12:55:08', '2021-02-03 12:55:08'),
(203, 89, 'Elinore Murray', 'Ut qui minus illum quis dolor eum id magnam. Dolorem aut ipsam quod quibusdam voluptas tempore nesciunt. Dolores cum repellat modi libero est minus. Sit aut iusto reprehenderit minima maxime aut.', 0, '2021-02-03 12:55:08', '2021-02-03 12:55:08'),
(204, 55, 'Mr. Demarco Kunde V', 'Voluptatem doloribus id rem minus. Dicta quidem aliquid incidunt autem error. Non perferendis qui et praesentium et.', 5, '2021-02-03 12:55:08', '2021-02-03 12:55:08'),
(205, 14, 'Camille Cronin', 'Hic nisi ipsa sit aut vitae sed sit. Minus voluptatem ut omnis itaque aut. Sed placeat tempore placeat omnis hic a.', 3, '2021-02-03 12:55:08', '2021-02-03 12:55:08'),
(206, 68, 'Branson Roob', 'Omnis dolores aspernatur temporibus sed non sint. Error velit et dolores consequatur.', 5, '2021-02-03 12:55:08', '2021-02-03 12:55:08'),
(207, 44, 'Briana Ankunding', 'Sapiente quo nihil ut sed saepe. Est deleniti aut sint amet ullam natus ut. Adipisci doloremque perspiciatis libero ut rerum optio. Ipsam et vel fuga quis harum occaecati quis. Distinctio rerum rerum necessitatibus consectetur odio qui perferendis.', 5, '2021-02-03 12:55:08', '2021-02-03 12:55:08'),
(208, 95, 'Ms. Juana Collins MD', 'Nobis quia fuga eos. Et et ducimus temporibus eos nulla voluptate. Distinctio et aut aut distinctio neque enim rerum. Quam rerum voluptatem doloribus eligendi. Eaque dolore ad aut officiis deserunt autem aut enim.', 4, '2021-02-03 12:55:08', '2021-02-03 12:55:08'),
(209, 96, 'Dr. Mitchell Roberts II', 'In voluptatem quaerat quam dolorem maiores. Assumenda blanditiis rem ut vero exercitationem ipsam harum qui. Dicta eum minima explicabo et quas.', 0, '2021-02-03 12:55:08', '2021-02-03 12:55:08'),
(210, 63, 'Edyth Thompson', 'Sit asperiores iusto laborum perferendis voluptatibus voluptatem veritatis praesentium. Asperiores nemo quidem eos quo tempore. Voluptate cumque est quidem similique quia iste. Aut dolorem ipsa ut eum.', 1, '2021-02-03 12:55:08', '2021-02-03 12:55:08');
INSERT INTO `reviews` (`id`, `product_id`, `customer`, `review`, `star`, `created_at`, `updated_at`) VALUES
(211, 50, 'Federico Hudson I', 'Quasi architecto tempore veritatis a placeat. Nam iste voluptas expedita sed. Sequi qui voluptate eaque excepturi minus dolores et. Id perspiciatis quasi deleniti dolor nostrum iste.', 2, '2021-02-03 12:55:08', '2021-02-03 12:55:08'),
(212, 92, 'Prof. Quincy Kling', 'Tempore a aliquid quia et quia. Voluptas minus architecto officia voluptates voluptatem et. Culpa aut suscipit vel aut. Debitis ut voluptates at saepe.', 0, '2021-02-03 12:55:08', '2021-02-03 12:55:08'),
(213, 80, 'Isabell Schuster', 'Voluptatem corporis dolorum repudiandae officiis ut corrupti. Alias molestiae cum iste velit velit voluptatibus expedita corporis. Sunt dicta consectetur assumenda sit consequatur aut ut dolorem. Possimus quo voluptate quia soluta ullam vel eos.', 3, '2021-02-03 12:55:08', '2021-02-03 12:55:08'),
(214, 77, 'Brigitte Waters III', 'Non enim et totam quibusdam repellat. Omnis quos ea deleniti. Mollitia provident distinctio asperiores. Repellendus aut eaque dicta veniam doloremque quia.', 1, '2021-02-03 12:55:08', '2021-02-03 12:55:08'),
(215, 78, 'Estell Graham III', 'Unde quibusdam sint autem quod iusto aut. Quisquam cumque voluptatem dignissimos ipsam fugiat voluptatum animi est. Et quis cum totam blanditiis sed sapiente. Quo eos et expedita assumenda necessitatibus vel.', 2, '2021-02-03 12:55:08', '2021-02-03 12:55:08'),
(216, 73, 'Dr. Jesse Schiller DVM', 'Dolores quia illum fugit consequatur impedit dolores vero. At est fugiat ut non est unde. Porro blanditiis molestias vel doloremque velit.', 0, '2021-02-03 12:55:08', '2021-02-03 12:55:08'),
(217, 100, 'Carlotta Schulist', 'Aut provident sed dolores ut ullam praesentium corporis voluptas. Aut id placeat quas cumque ea vitae voluptatibus. Fugiat est ut et quisquam enim placeat qui. Veniam adipisci harum voluptatem doloremque sed unde.', 2, '2021-02-03 12:55:08', '2021-02-03 12:55:08'),
(218, 48, 'Mike VonRueden', 'Optio nemo et nulla in optio molestiae fuga. Quidem voluptatem velit mollitia debitis nostrum quia eum facilis. Aliquam iure omnis quis adipisci quia suscipit aut.', 1, '2021-02-03 12:55:08', '2021-02-03 12:55:08'),
(219, 44, 'Meredith Feil', 'Libero eos quia atque sequi enim ea. Eius aut quaerat eligendi explicabo nisi non est hic. Similique sit facilis quis suscipit reiciendis. Optio nobis consequatur accusamus ullam recusandae et et.', 4, '2021-02-03 12:55:08', '2021-02-03 12:55:08'),
(220, 36, 'Prof. Urban Armstrong III', 'Autem facilis veniam voluptas. Explicabo deserunt necessitatibus aspernatur reprehenderit dolorum amet. Nemo eos illum est error et distinctio deleniti.', 5, '2021-02-03 12:55:08', '2021-02-03 12:55:08'),
(221, 13, 'Philip Kertzmann', 'Atque veritatis quo nisi eius dolore. Quisquam sunt id doloremque occaecati.', 2, '2021-02-03 12:55:08', '2021-02-03 12:55:08'),
(222, 94, 'Audie Orn', 'Qui soluta alias reprehenderit. Sit iusto laborum repudiandae voluptas minima inventore voluptatem.', 2, '2021-02-03 12:55:08', '2021-02-03 12:55:08'),
(223, 1, 'Zack Brekke III', 'Repudiandae officia molestiae labore modi. Nihil explicabo unde dignissimos provident laudantium. Sit est magnam ut eum corrupti labore nesciunt. Nihil cum aut quasi sit natus eveniet est.', 5, '2021-02-03 12:55:08', '2021-02-03 12:55:08'),
(224, 2, 'Sasha Labadie', 'Aperiam ut nihil est est. Ex optio eius in aut. Quis quod maxime ducimus quisquam ducimus.', 3, '2021-02-03 12:55:08', '2021-02-03 12:55:08'),
(225, 40, 'Prof. Deonte Stehr I', 'Dolorem accusantium accusantium quis inventore. Beatae culpa error corrupti temporibus. Iusto eum quod voluptates et voluptas.', 3, '2021-02-03 12:55:08', '2021-02-03 12:55:08'),
(226, 27, 'Prof. Laverna Barton', 'Delectus asperiores saepe dolorem velit rerum quis rerum. Ea molestiae ratione dolorum voluptatem. Quia sint fuga ut quidem.', 2, '2021-02-03 12:55:08', '2021-02-03 12:55:08'),
(227, 85, 'Brendon Farrell', 'Incidunt commodi voluptate eligendi dolorum. Est qui ipsum corporis ipsum ut. A recusandae aut autem officiis. Aperiam dicta qui quis possimus.', 0, '2021-02-03 12:55:08', '2021-02-03 12:55:08'),
(228, 44, 'Antone Schaefer', 'Sequi et nam dignissimos unde quibusdam et. Dolorem reiciendis voluptatum non odio porro laboriosam quasi. Quo quo quo quo perferendis facere nostrum sapiente. Libero ad voluptates voluptas.', 1, '2021-02-03 12:55:08', '2021-02-03 12:55:08'),
(229, 40, 'Lucio Welch', 'Rerum et sunt doloremque quo atque. Vero est ad excepturi consequuntur. Optio autem earum eligendi. Incidunt reiciendis eligendi rem ex molestias iusto ut.', 3, '2021-02-03 12:55:08', '2021-02-03 12:55:08'),
(230, 50, 'Dr. Desmond Glover Sr.', 'In et debitis nobis optio dolorum labore alias. Quisquam veritatis et similique id incidunt mollitia aut. Nemo dolorum voluptates est consequatur laborum perspiciatis ex voluptate.', 0, '2021-02-03 12:55:08', '2021-02-03 12:55:08'),
(231, 57, 'Mrs. Taryn Monahan I', 'Et asperiores et qui laborum ea. Est neque soluta aut pariatur nisi facilis autem. Dolorem eaque quia magni magni.', 0, '2021-02-03 12:55:08', '2021-02-03 12:55:08'),
(232, 45, 'Dr. Kimberly VonRueden', 'Illum maxime est architecto eligendi unde. Sunt consequatur quae aut officia. Est consequatur eius non facilis iste aperiam perspiciatis. Doloribus libero sequi quos doloribus aut distinctio.', 2, '2021-02-03 12:55:09', '2021-02-03 12:55:09'),
(233, 40, 'Hank Koepp', 'Voluptatem quis voluptas cum excepturi minus impedit sed. Magni non a voluptas facilis ipsa sed dignissimos. Molestiae eum facere illo veniam.', 4, '2021-02-03 12:55:09', '2021-02-03 12:55:09'),
(234, 14, 'Kirk Langworth', 'Quam temporibus repudiandae sed sit voluptates nisi vitae officiis. Sequi omnis qui eveniet expedita. Magnam eveniet voluptas molestias sint exercitationem veniam. Quod id autem officiis dolor.', 1, '2021-02-03 12:55:09', '2021-02-03 12:55:09'),
(235, 2, 'Prof. Baron Hickle', 'Qui et soluta sit vel et dolores minus libero. Sint ex quia voluptas. Id in ipsum sequi dolor sint. Dolor tenetur maxime voluptas. Omnis hic in dolore omnis rerum officiis illum.', 4, '2021-02-03 12:55:09', '2021-02-03 12:55:09'),
(236, 44, 'Mrs. Leila Harber PhD', 'Facere vero animi optio totam qui. Alias quia rerum et. Occaecati ut officia quibusdam. Voluptates possimus vero dicta nemo ipsum harum.', 0, '2021-02-03 12:55:09', '2021-02-03 12:55:09'),
(237, 36, 'Nikita McKenzie', 'Non non soluta eligendi inventore mollitia sed sequi et. Animi laudantium omnis earum recusandae et. Est repellat eum aut voluptas earum. Molestias velit sapiente ea.', 4, '2021-02-03 12:55:09', '2021-02-03 12:55:09'),
(238, 55, 'Miracle Hettinger', 'Consequatur quasi deserunt quasi laudantium. Eaque expedita voluptatem officiis enim repellat quas perspiciatis. Quia nulla debitis fuga maiores voluptatem quae. Nobis culpa sit non officiis cupiditate minus.', 3, '2021-02-03 12:55:09', '2021-02-03 12:55:09'),
(239, 35, 'Dayana McCullough', 'Sint magni autem odit ad similique id excepturi. Vitae aut consectetur in. Aut tenetur est exercitationem earum voluptates ut perferendis. Expedita dignissimos recusandae eos minima nihil officia voluptatem sint. Expedita est sunt odit aut ut.', 4, '2021-02-03 12:55:09', '2021-02-03 12:55:09'),
(240, 15, 'Mariane Cummerata', 'Ipsam adipisci fugiat quisquam odit a laboriosam ipsam delectus. Laboriosam a fuga porro et et labore. Qui sunt commodi quidem expedita ipsam.', 5, '2021-02-03 12:55:09', '2021-02-03 12:55:09'),
(241, 7, 'Zena Gusikowski', 'Consequatur quos a ipsam quo esse. Non recusandae et saepe nisi unde tempora. Tempore qui tempora atque in maxime. Omnis ad et numquam saepe unde est.', 3, '2021-02-03 12:55:09', '2021-02-03 12:55:09'),
(242, 26, 'Wilfrid Pagac', 'Dolor et ut ut ea perspiciatis quisquam eius. Ratione accusamus deleniti eum veritatis consectetur odio quia. Tempora laborum dolor exercitationem velit consequatur quod enim id. Temporibus id voluptas quia rerum ea. Est suscipit optio minima ad.', 5, '2021-02-03 12:55:09', '2021-02-03 12:55:09'),
(243, 88, 'Miss Penelope Smitham', 'Expedita minima et ea ea quia placeat voluptas. Quia delectus fuga blanditiis dolores qui asperiores voluptate. Sapiente adipisci ratione consequatur animi voluptatem nihil.', 5, '2021-02-03 12:55:09', '2021-02-03 12:55:09'),
(244, 68, 'Prof. Rolando Von II', 'Qui et et explicabo consequatur officiis et rerum. Sit facilis iste recusandae ratione aspernatur quasi consequatur quasi. Corrupti architecto quo molestiae dolores dicta. Minus eum eius porro maxime beatae.', 1, '2021-02-03 12:55:09', '2021-02-03 12:55:09'),
(245, 57, 'Dr. Carlee Bartell III', 'Veniam qui recusandae reprehenderit ut quis fugit quis. Doloribus et ducimus fuga qui nemo dignissimos corrupti qui.', 2, '2021-02-03 12:55:09', '2021-02-03 12:55:09'),
(246, 25, 'Dr. Bernie Schmitt', 'Voluptatem dolorem sit molestias at autem. Sunt corporis id odit neque eos neque. Voluptas quod quisquam atque. Eum dolore sed voluptas nemo. Quia hic reiciendis ratione quaerat cumque itaque magni.', 4, '2021-02-03 12:55:09', '2021-02-03 12:55:09'),
(247, 97, 'Jessyca Dibbert DVM', 'Consequuntur odio laudantium tempora. Est molestiae et debitis at non asperiores. Ut et quo numquam aut aut veritatis ducimus. Voluptas dicta qui et ut sit in quos.', 3, '2021-02-03 12:55:09', '2021-02-03 12:55:09'),
(248, 60, 'Ms. Alexa Flatley DVM', 'Numquam sunt sequi et quia sed vitae dolorem perferendis. Nesciunt voluptates soluta consectetur qui et nihil asperiores. Rerum esse officia consequuntur neque aut modi suscipit.', 5, '2021-02-03 12:55:09', '2021-02-03 12:55:09'),
(249, 6, 'Tianna Marvin', 'Qui magnam distinctio optio dolor aut. Vero inventore dolores illo unde pariatur praesentium minus. Laboriosam enim quidem voluptatem possimus numquam voluptas in corrupti. Aut omnis rerum quis.', 2, '2021-02-03 12:55:09', '2021-02-03 12:55:09'),
(250, 99, 'Prof. Damian Abbott', 'Ipsa perspiciatis est provident commodi et molestiae corrupti. Pariatur quis sunt enim maiores voluptatum.', 2, '2021-02-03 12:55:09', '2021-02-03 12:55:09'),
(251, 45, 'Uriel Stamm III', 'At in iure mollitia tenetur autem pariatur assumenda. Ut iste provident possimus voluptatem eum eligendi. Ut illo qui ut facilis ut rerum cumque.', 2, '2021-02-03 12:55:09', '2021-02-03 12:55:09'),
(252, 98, 'Prof. Franz Prohaska', 'Autem fugiat deleniti distinctio. Officiis quia sint nisi. Quaerat aut nisi itaque quaerat.', 3, '2021-02-03 12:55:09', '2021-02-03 12:55:09'),
(253, 95, 'Obie Koch', 'Eveniet odio sint incidunt et quo ea iste. Officiis ullam numquam libero impedit possimus. Iusto ut repellat nesciunt perspiciatis hic. Quo illo eum vel unde incidunt similique in.', 1, '2021-02-03 12:55:09', '2021-02-03 12:55:09'),
(254, 32, 'Mollie Treutel', 'Cumque voluptatem voluptatem ullam cupiditate aut possimus. Alias sit qui eveniet cum aut praesentium rem qui. Porro nesciunt eum laborum quo veritatis a non.', 0, '2021-02-03 12:55:09', '2021-02-03 12:55:09'),
(255, 2, 'Mariane Osinski', 'Pariatur officia officia iure eaque veniam. Quia veritatis tempora nihil natus suscipit ut. Quia voluptatem voluptatum fugiat architecto officia tempora. Expedita reprehenderit blanditiis facilis.', 3, '2021-02-03 12:55:09', '2021-02-03 12:55:09'),
(256, 57, 'Hadley Kirlin', 'Voluptate aliquam aut voluptates iusto corporis. Odio similique quis aut sit neque. Minus fugit quia magnam blanditiis ipsum.', 5, '2021-02-03 12:55:09', '2021-02-03 12:55:09'),
(257, 10, 'Abbie Bayer', 'Itaque voluptate officiis voluptas voluptatem maxime commodi. Dolor quidem quas beatae corporis nemo harum. Et est culpa sequi illo qui repellat et. Iusto quasi cupiditate architecto blanditiis numquam ab et.', 0, '2021-02-03 12:55:09', '2021-02-03 12:55:09'),
(258, 13, 'Garrick Hermann', 'Officia ipsam quibusdam quasi delectus dolorem. Reiciendis eaque cupiditate distinctio ab. Accusamus similique assumenda omnis. Nemo autem voluptas blanditiis est. Minus unde eum amet deleniti.', 2, '2021-02-03 12:55:09', '2021-02-03 12:55:09'),
(259, 17, 'Dr. Deshaun Rolfson PhD', 'Est repudiandae iste ut aut similique. Et qui optio sed voluptas est. Earum porro quo porro sequi dicta sapiente nam.', 0, '2021-02-03 12:55:09', '2021-02-03 12:55:09'),
(260, 63, 'Hannah Feeney', 'Velit consequatur cum sunt hic. Non voluptas nihil maiores minima enim ullam. Quia cupiditate consectetur optio voluptatem laborum voluptates. Sed repellendus et quas.', 3, '2021-02-03 12:55:09', '2021-02-03 12:55:09'),
(261, 49, 'Suzanne Tillman', 'Voluptates quia dolorum doloribus. Ullam dignissimos dolor ut inventore. Itaque ad deleniti blanditiis repellat esse qui.', 2, '2021-02-03 12:55:10', '2021-02-03 12:55:10'),
(262, 71, 'Shaniya Windler V', 'Velit soluta non maiores eum. Laborum deserunt nihil occaecati et qui sit enim. Exercitationem adipisci omnis perferendis excepturi.', 1, '2021-02-03 12:55:10', '2021-02-03 12:55:10'),
(263, 58, 'Fleta Fahey', 'Quo impedit iste dignissimos ea quia laboriosam hic ex. Soluta magnam exercitationem magni. Sit nobis in doloribus dolores dolorem quasi laudantium.', 4, '2021-02-03 12:55:10', '2021-02-03 12:55:10'),
(264, 4, 'Kiara Rosenbaum III', 'Deserunt ipsum voluptates nostrum sapiente recusandae numquam soluta. Odio voluptatum in asperiores praesentium. Error quod reiciendis et dolorum assumenda quas occaecati vero.', 1, '2021-02-03 12:55:10', '2021-02-03 12:55:10'),
(265, 77, 'Archibald McKenzie', 'Ipsam hic nihil dignissimos. Possimus iste sed rerum suscipit quisquam atque alias. Qui magni ea perspiciatis omnis ratione fugit.', 4, '2021-02-03 12:55:10', '2021-02-03 12:55:10'),
(266, 28, 'Prof. Bryce Moen MD', 'Placeat veritatis culpa harum id. Tempora voluptates dignissimos dolorem quasi ducimus corrupti quia qui. Sapiente quibusdam qui commodi possimus enim distinctio ratione. Vel explicabo voluptatem vel assumenda eos.', 0, '2021-02-03 12:55:10', '2021-02-03 12:55:10'),
(267, 17, 'Dr. Rickie Heathcote I', 'In enim et repudiandae dolorem. Ipsa officia illo aut vel praesentium ea perferendis voluptates.', 1, '2021-02-03 12:55:10', '2021-02-03 12:55:10'),
(268, 73, 'Jake Kohler', 'Vero ut alias quod aut. Doloremque sed perspiciatis repellendus vero. Repellendus quia non consequatur ipsum velit. Et ea incidunt quidem omnis dolor magni voluptatem.', 2, '2021-02-03 12:55:10', '2021-02-03 12:55:10'),
(269, 88, 'Mohammad Hermiston', 'Nam ut officiis voluptatibus ipsa. Tenetur dolor eius minus dolor odio. Minima est perspiciatis est voluptatum.', 4, '2021-02-03 12:55:10', '2021-02-03 12:55:10'),
(270, 59, 'Larue Wehner DVM', 'At consequatur enim possimus suscipit et rerum. Voluptatem nihil nesciunt nihil voluptatem omnis sit minima. Beatae veritatis vero ut voluptate. Doloremque hic voluptas minus odio est rerum veritatis.', 0, '2021-02-03 12:55:10', '2021-02-03 12:55:10'),
(271, 77, 'Emmalee Goyette', 'Praesentium sint voluptas vel modi ut molestiae quam. Excepturi culpa eum architecto voluptate iste eligendi sed possimus.', 2, '2021-02-03 12:55:10', '2021-02-03 12:55:10'),
(272, 77, 'Sidney Zemlak II', 'Enim inventore unde aut perferendis. Suscipit voluptatem ut quasi consequuntur. Eveniet repellat numquam voluptatem aliquid exercitationem.', 4, '2021-02-03 12:55:10', '2021-02-03 12:55:10'),
(273, 38, 'Krystal Bogisich Jr.', 'Occaecati dolores qui minus qui aut velit fugit iure. Omnis molestiae voluptate vel repellat exercitationem. Et nihil hic et fuga nemo temporibus. Dolores nulla non non officiis dicta enim. Totam mollitia qui praesentium quo eos recusandae architecto excepturi.', 5, '2021-02-03 12:55:10', '2021-02-03 12:55:10'),
(274, 62, 'Prof. Nicolas Kris V', 'Placeat omnis distinctio voluptatem sunt ut exercitationem. Perspiciatis vel sit eveniet quaerat. Impedit non quis ea. Ut non enim labore harum harum saepe accusamus. Porro est maiores velit ad.', 0, '2021-02-03 12:55:10', '2021-02-03 12:55:10'),
(275, 11, 'Judson Parisian PhD', 'Sequi reprehenderit incidunt eaque possimus voluptatem necessitatibus. Quisquam pariatur ab consectetur. Voluptatem voluptatem in delectus perferendis perspiciatis.', 4, '2021-02-03 12:55:10', '2021-02-03 12:55:10'),
(276, 43, 'Prof. Sister Moen', 'Laborum doloribus vel voluptatem. Dicta autem laboriosam praesentium blanditiis excepturi est consequatur. Mollitia vel blanditiis recusandae consectetur.', 5, '2021-02-03 12:55:10', '2021-02-03 12:55:10'),
(277, 65, 'Maude Kihn', 'Autem molestiae ducimus consequatur. Asperiores adipisci maiores enim iusto nesciunt laudantium. Exercitationem vel sint aut delectus. Quasi suscipit enim ab dicta.', 0, '2021-02-03 12:55:10', '2021-02-03 12:55:10'),
(278, 26, 'Prof. Ethan Satterfield V', 'Quod soluta omnis asperiores voluptate a. Explicabo quae excepturi odio error et voluptas sapiente reiciendis. Atque voluptate velit qui nisi tenetur ratione.', 3, '2021-02-03 12:55:10', '2021-02-03 12:55:10'),
(279, 78, 'Rudy Hodkiewicz', 'Laboriosam repudiandae harum non repellat minus. Reiciendis quis minus reprehenderit officia. Sint sunt dolorem ea non atque consequatur.', 5, '2021-02-03 12:55:10', '2021-02-03 12:55:10'),
(280, 9, 'Mr. Cristian Friesen', 'Aut qui quisquam qui distinctio corporis. Quam voluptatum sint quod nihil numquam rerum repellendus consequatur. A rem unde accusantium aut veritatis ipsum. Qui incidunt quia veniam.', 0, '2021-02-03 12:55:10', '2021-02-03 12:55:10'),
(281, 100, 'Ashlee Hettinger', 'Fuga a deserunt impedit porro incidunt et voluptatibus. Et et laboriosam a non sunt fugit nesciunt.', 1, '2021-02-03 12:55:10', '2021-02-03 12:55:10'),
(282, 53, 'Johann Beahan', 'Architecto quasi quis non omnis cum aliquid nostrum. Voluptatem enim aliquam ut libero inventore ducimus. Corporis ut ut cum tempore veritatis doloremque.', 0, '2021-02-03 12:55:10', '2021-02-03 12:55:10'),
(283, 55, 'Prof. Jana VonRueden MD', 'Incidunt voluptatum non explicabo rerum enim sit deleniti. Eius consequatur sit necessitatibus mollitia voluptate. Eveniet autem maxime ab eum. Amet repellendus sint quae consequatur aut voluptatum.', 5, '2021-02-03 12:55:10', '2021-02-03 12:55:10'),
(284, 79, 'Jane Mohr V', 'Sunt ut doloremque tenetur aut quia placeat. Libero dolor omnis vero modi impedit consectetur facilis. Aut et eos nisi autem molestiae et facilis ut. Facere sit quo fugiat odio.', 1, '2021-02-03 12:55:10', '2021-02-03 12:55:10'),
(285, 9, 'Yoshiko Gislason', 'Labore veniam voluptas illo sint sint autem voluptatem. Rerum quo et temporibus.', 4, '2021-02-03 12:55:10', '2021-02-03 12:55:10'),
(286, 40, 'Oleta Zemlak', 'A molestiae ut vel est. Tempore fugit animi mollitia cupiditate ut occaecati.', 4, '2021-02-03 12:55:10', '2021-02-03 12:55:10'),
(287, 81, 'Dr. Euna Rowe MD', 'Quia mollitia ut exercitationem voluptate. Optio aut repudiandae quia aut in qui culpa sequi. Minus pariatur doloremque amet non.', 5, '2021-02-03 12:55:10', '2021-02-03 12:55:10'),
(288, 18, 'Prof. Freddie Effertz PhD', 'Sint non totam quia voluptatum cum quis veritatis velit. Dolorem veritatis asperiores quae ullam voluptas. Ut et cumque in illum animi.', 2, '2021-02-03 12:55:10', '2021-02-03 12:55:10'),
(289, 56, 'Maria Schinner', 'Quisquam ratione placeat beatae. Iste corrupti quibusdam iure. Ea ut mollitia nihil nihil.', 0, '2021-02-03 12:55:10', '2021-02-03 12:55:10'),
(290, 19, 'Priscilla Hagenes I', 'Non et qui consectetur aut sunt. Natus illum hic dolores repellendus maiores assumenda ut in. Fugiat incidunt at assumenda officiis et quia in. Dolores aut molestiae et.', 3, '2021-02-03 12:55:10', '2021-02-03 12:55:10'),
(291, 89, 'Gayle Tromp', 'Non natus voluptatibus esse aut. Occaecati accusamus sed dolores est odit. Aut et laudantium modi necessitatibus. Sed dolor vel voluptatem modi est.', 1, '2021-02-03 12:55:11', '2021-02-03 12:55:11'),
(292, 61, 'Juvenal Zieme', 'Dolores iure id odio consequatur. Tempore et enim id molestiae. Mollitia consequatur aut occaecati quod velit voluptatum.', 5, '2021-02-03 12:55:11', '2021-02-03 12:55:11'),
(293, 65, 'Mitchel Bradtke', 'Tempore optio magnam repellat ut earum dolorem. Dolore dolorem sequi officiis. Aut aut dolorem consequuntur. Rerum et nostrum velit aut in quo illo dolorem.', 5, '2021-02-03 12:55:11', '2021-02-03 12:55:11'),
(294, 15, 'Orion Harvey', 'Quidem aut voluptatem explicabo est maiores quo. Illo laudantium provident voluptas illo.', 4, '2021-02-03 12:55:11', '2021-02-03 12:55:11'),
(295, 29, 'Elliott Dare', 'Ea earum deserunt vel iusto. Minus voluptatem ullam voluptates omnis doloremque.', 5, '2021-02-03 12:55:11', '2021-02-03 12:55:11'),
(296, 75, 'Miss Leonora Nitzsche', 'Perspiciatis excepturi beatae tenetur. Nisi omnis eum consectetur est assumenda itaque. Alias sapiente facilis maiores officia hic. Incidunt veritatis voluptate qui voluptatem consequatur.', 1, '2021-02-03 12:55:11', '2021-02-03 12:55:11'),
(297, 22, 'Roman Reichel', 'Unde tenetur molestiae officia magni numquam quos neque. Excepturi fugit dignissimos tenetur rem voluptatibus. Deserunt aut non reiciendis quis nihil quia. Tempore tempore amet quibusdam veniam et aperiam.', 3, '2021-02-03 12:55:11', '2021-02-03 12:55:11'),
(298, 11, 'Vaughn Zulauf', 'Repellat omnis iste minus quo quas. Aliquam quidem natus minus esse magni dolore eum voluptas. Veritatis est ut quis assumenda.', 3, '2021-02-03 12:55:11', '2021-02-03 12:55:11'),
(299, 33, 'Megane Hermiston', 'Ipsam veniam fuga nobis rerum sunt earum. Beatae quasi modi maxime ab quia cumque. Ratione quod debitis neque cumque ipsum necessitatibus est aliquid.', 2, '2021-02-03 12:55:11', '2021-02-03 12:55:11'),
(300, 95, 'Demetrius Hermann', 'Minima expedita tenetur beatae labore voluptates ut ipsum. Explicabo odio autem ut sint. Illo quod minus illo porro.', 0, '2021-02-03 12:55:11', '2021-02-03 12:55:11');

-- --------------------------------------------------------

--
-- Table structure for table `users`
--

CREATE TABLE `users` (
  `id` bigint(20) UNSIGNED NOT NULL,
  `name` varchar(255) COLLATE utf8mb4_unicode_ci NOT NULL,
  `email` varchar(255) COLLATE utf8mb4_unicode_ci NOT NULL,
  `email_verified_at` timestamp NULL DEFAULT NULL,
  `password` varchar(255) COLLATE utf8mb4_unicode_ci NOT NULL,
  `remember_token` varchar(100) COLLATE utf8mb4_unicode_ci DEFAULT NULL,
  `created_at` timestamp NULL DEFAULT NULL,
  `updated_at` timestamp NULL DEFAULT NULL
) ENGINE=InnoDB DEFAULT CHARSET=utf8mb4 COLLATE=utf8mb4_unicode_ci;

--
-- Indexes for dumped tables
--

--
-- Indexes for table `failed_jobs`
--
ALTER TABLE `failed_jobs`
  ADD PRIMARY KEY (`id`),
  ADD UNIQUE KEY `failed_jobs_uuid_unique` (`uuid`);

--
-- Indexes for table `migrations`
--
ALTER TABLE `migrations`
  ADD PRIMARY KEY (`id`);

--
-- Indexes for table `password_resets`
--
ALTER TABLE `password_resets`
  ADD KEY `password_resets_email_index` (`email`);

--
-- Indexes for table `products`
--
ALTER TABLE `products`
  ADD PRIMARY KEY (`id`);

--
-- Indexes for table `reviews`
--
ALTER TABLE `reviews`
  ADD PRIMARY KEY (`id`),
  ADD KEY `reviews_product_id_index` (`product_id`);

--
-- Indexes for table `users`
--
ALTER TABLE `users`
  ADD PRIMARY KEY (`id`),
  ADD UNIQUE KEY `users_email_unique` (`email`);

--
-- AUTO_INCREMENT for dumped tables
--

--
-- AUTO_INCREMENT for table `failed_jobs`
--
ALTER TABLE `failed_jobs`
  MODIFY `id` bigint(20) UNSIGNED NOT NULL AUTO_INCREMENT;

--
-- AUTO_INCREMENT for table `migrations`
--
ALTER TABLE `migrations`
  MODIFY `id` int(10) UNSIGNED NOT NULL AUTO_INCREMENT, AUTO_INCREMENT=6;

--
-- AUTO_INCREMENT for table `products`
--
ALTER TABLE `products`
  MODIFY `id` int(10) UNSIGNED NOT NULL AUTO_INCREMENT, AUTO_INCREMENT=101;

--
-- AUTO_INCREMENT for table `reviews`
--
ALTER TABLE `reviews`
  MODIFY `id` int(10) UNSIGNED NOT NULL AUTO_INCREMENT, AUTO_INCREMENT=301;

--
-- AUTO_INCREMENT for table `users`
--
ALTER TABLE `users`
  MODIFY `id` bigint(20) UNSIGNED NOT NULL AUTO_INCREMENT;

--
-- Constraints for dumped tables
--

--
-- Constraints for table `reviews`
--
ALTER TABLE `reviews`
  ADD CONSTRAINT `reviews_product_id_foreign` FOREIGN KEY (`product_id`) REFERENCES `products` (`id`) ON DELETE CASCADE;
COMMIT;

/*!40101 SET CHARACTER_SET_CLIENT=@OLD_CHARACTER_SET_CLIENT */;
/*!40101 SET CHARACTER_SET_RESULTS=@OLD_CHARACTER_SET_RESULTS */;
/*!40101 SET COLLATION_CONNECTION=@OLD_COLLATION_CONNECTION */;
